RANK3,Elo,EloSigma,EloSkill,EloForm,Initial,Surname,POSS,RPA,PC,PC2,Played,MissedLast,13 N,13 K,13 L,14 N,14 K,14 L,15 N,15 K,15 L,16 N,16 K,16 L,17 N,17 K,17 L,18 N,18 K,18 L,19 N,19 K,19 L,20 N,20 K,21 K,21 L,22 N,22 K,22 L,23 N,23 K,23 L,24 N,24 K,24 L,25 N,25 K,25 L
1,1691.018,120.0,1581.887,109.132,R,HOULDEN,127.5,121.575,95.3529411764706,95.3529411764706,19,0,,NQ,,,NQ,NQ,,QF,QF,QF,,SF,SF,SF,QF,F,F,F,F,F,W,F,SF,F,W,W,F,W,W,F,W,W,W,W,F,W,W
2,1656.736,120.0,1552.41,104.326,H,YOUNG,120.05,110.5,92.04498125780924,92.04498125780924,19,0,,,,,,,,,,,,,,,,,,NQ,NQ,L16,QF,SF,QF,SF,SF,F,SF,W,W,F,W,W,W,W,F,W,W
3,1674.049,120.0,1602.786,71.262,T,DUNBAR,112.0,97.315,86.88839285714286,86.88839285714286,17,0,W,W,W,W,W,W,W,W,W,W,W,W,,W,W,W,W,W,W,W,F,W,W,W,QF,P,W,F,SF,W,P,F,F,F,W,F,SF
4,1668.801,120.0,1602.646,66.155,S,COOLEY,100.1,86.965,86.87812187812189,86.87812187812189,16,1,W,W,W,W,W,W,W,W,W,W,W,W,SF,W,W,W,W,W,W,W,F,W,W,W,QF,QF,W,F,SF,W,P,F,F,P,W,F,P
5,1643.029,120.0,1579.758,63.27,J,TOOP,87.5,63.224999999999994,72.25714285714285,72.25714285714285,15,1,SF,SF,,F,F,F,F,F,F,F,F,F,W,F,F,SF,SF,SF,P,P,SF,QF,F,SF,F,SF,SF,SF,F,QF,SF,SF,SF,P,SF,SF,P
6,1606.424,120.0,1538.826,67.598,N,CAPLIN,78.79999999999998,53.239999999999995,67.56345177664976,67.56345177664976,16,2,,NQ,,,,NQ,,,,,,,,,,,,NQ,P,L16,QF,SF,QF,SF,SF,F,SF,QF,SF,SF,QF,QF,SF,SF,SF,P,P
7,1576.205,120.0,1544.372,31.833,M,WISEMAN,43.5,28.895000000000003,66.42528735632185,66.42528735632185,5,1,,,SF,F,F,F,F,F,,,F,F,,F,F,,,,,,,,F,SF,P,P,P,P,P,QF,P,P,SF,P,P,SF,P
8,1622.928,120.0,1559.466,63.462,E,TAYLOR,73.25,47.86,65.33788395904436,65.33788395904436,16,1,SF,,SF,,SF,SF,,SF,,QF,SF,,QF,SF,,,QF,QF,SF,SF,SF,QF,QF,QF,P,P,QF,NQ,SF,SF,QF,QF,SF,SF,SF,QF,P
9,1606.895,120.0,1547.845,59.05,S,TAILOR,63.89999999999999,41.75,65.33646322378718,65.33646322378718,11,0,,QF,,,NQ,QF,,QF,NQ,,QF,QF,,QF,NQ,,QF,QF,P,SF,P,P,QF,QF,SF,P,P,QF,P,P,SF,SF,QF,P,QF,SF,F
10,1591.897,120.0,1528.9,62.997,C,PLUMMER,61.75,39.169999999999995,63.43319838056679,63.43319838056679,11,0,,,,,,,,,,,,NQ,,L16,,,NQ,NQ,P,L16,P,P,L16,P,P,P,L16,P,P,L16,SF,SF,QF,QF,QF,SF,F
11,1597.468,120.0,1558.239,39.229,H,WISEMAN,50.3,29.69,59.025844930417506,59.025844930417506,14,1,SF,SF,,QF,SF,SF,QF,SF,QF,QF,L16,,W,L16,,SF,SF,P,QF,QF,P,QF,L16,L16,F,SF,QF,P,F,QF,P,SF,L16,P,NQ,L16,P
12,1596.243,120.0,1553.695,42.548,R,PERRIE,43.45,23.9,55.00575373993095,55.00575373993095,10,0,QF,QF,SF,SF,QF,QF,SF,QF,SF,SF,SF,SF,F,L16,NQ,,,SF,P,QF,QF,P,SF,L16,QF,P,P,P,P,QF,P,P,L16,SF,P,QF,QF
13,1588.77,120.0,1542.8,45.97,V,BHIMJIYANI,48.8,26.74,54.79508196721311,54.79508196721311,10,0,,L16,NQ,,L16,QF,,QF,,,QF,QF,,QF,NQ,,QF,P,P,P,SF,P,P,P,SF,P,QF,QF,P,L16,QF,P,QF,QF,P,QF,QF
14,1585.099,120.0,1534.752,50.347,S,WELTI,52.45,28.599999999999998,54.52812202097235,54.52812202097235,11,1,NQ,L16,,NQ,L16,,,,NQ,,NQ,,QF,,,,,NQ,SF,P,P,QF,P,P,P,QF,P,QF,QF,QF,QF,QF,QF,P,QF,QF,P
15,1576.627,120.0,1535.589,41.038,C,HUGHES,43.3,23.089999999999996,53.325635103926096,53.325635103926096,10,1,,,,NQ,NQ,,SF,L16,QF,NQ,L16,NQ,QF,,QF,,L16,NQ,QF,QF,NQ,P,P,P,P,QF,P,QF,QF,QF,P,QF,QF,P,P,QF,P
16,1587.877,120.0,1529.669,58.207,A,ABRAHAMS,54.349999999999994,27.909999999999997,51.352345906163755,51.352345906163755,16,0,,,,,,,,,,,,,,NQ,NQ,,NQ,NQ,NQ,P,NQ,NQ,L16,L16,P,NQ,P,QF,QF,L16,NQ,QF,QF,QF,QF,QF,QF
17,1554.614,120.0,1513.9,40.714,J,PEMBERTON,34.849999999999994,17.32,49.698708751793404,49.698708751793404,6,0,,,,,,,,,,,,,,,,,,,,,,,,L16,P,P,P,P,P,L16,QF,P,P,SF,P,QF,QF
18,1558.478,120.0,1522.665,35.813,T,MCCAHON,35.7,16.1,45.09803921568628,45.09803921568628,12,0,,,,,,,,,,,,,,,,,NQ,NQ,NQ,L16,NQ,NQ,L16,QF,QF,SF,L16,P,P,P,P,P,P,P,QF,L16,QF
19,1567.637,120.0,1523.03,44.608,G,WISEMAN,38.55,16.85,43.70946822308691,43.70946822308691,14,0,,,,,,,,,,,,,,,,QF,P,P,P,NQ,P,NQ,NQ,L16,P,NQ,L16,NQ,NQ,L16,QF,QF,L16,P,P,L16,SF
20,1577.515,120.0,1548.873,28.641,L,BROCK,30.75,12.85,41.788617886178855,41.788617886178855,9,1,QF,QF,QF,SF,L16,QF,QF,L16,SF,SF,QF,SF,SF,SF,QF,,QF,QF,QF,P,P,QF,L16,QF,QF,SF,P,P,P,P,NQ,P,P,P,QF,L16,P
21,1551.857,120.0,1518.256,33.602,P,SATHIYAMOORTHY,30.35,12.530000000000001,41.28500823723229,41.28500823723229,10,0,,,,,,,,,,,,,,,,NQ,P,NQ,NQ,NQ,NQ,NQ,P,P,NQ,P,QF,P,P,P,P,QF,L16,NQ,P,P,SF
22,1538.519,127.429,1506.987,31.532,A,AGARWAL,18.35,7.2,39.237057220708444,39.237057220708444,3,1,,,,,,,,,,,,,,,,,,,,,,,,,,,,,NQ,P,P,P,P,P,SF,L16,P
23,1540.457,173.045,1509.155,31.301,L,LLOYD-JONES,14.399999999999999,5.6,38.88888888888889,38.88888888888889,3,1,,,,,,,NQ,,,NQ,,,,,,,,,,,,,,,,,,,,,,NQ,P,P,NQ,QF,P
24,1561.252,120.0,1518.093,43.159,B,MERRETT,29.85,10.6,35.5108877721943,35.5108877721943,9,1,,,,,,,,,,,NQ,,,,,,,,,,NQ,P,L16,NQ,P,P,P,P,NQ,P,NQ,QF,P,QF,QF,L16,P
25,1532.577,165.814,1512.111,20.466,H,GIBSON-LEITAO,22.3,6.95,31.16591928251121,31.16591928251121,4,0,,,,,,,,,,,,,,,NQ,,,NQ,P,P,P,P,P,P,QF,QF,L16,P,P,P,P,P,P,P,P,P,QF
26,1551.739,120.0,1513.949,37.79,F,PRICKETT,25.450000000000003,7.9,31.041257367387033,31.041257367387033,8,0,,,,,,,,,,,,,,,,,,,,,NQ,P,P,P,QF,P,P,NQ,P,P,NQ,P,L16,NQ,P,L16,QF
27,1554.031,120.0,1522.962,31.069,AR,BHATTACHARYA,24.2,7.5,30.991735537190085,30.991735537190085,9,0,,,NQ,,NQ,,,,,,,,,,,NQ,NQ,P,P,L16,QF,P,P,L16,P,P,L16,P,P,L16,P,P,L16,P,NQ,L16,NQ
28,1545.149,155.731,1511.245,33.904,J,ALSTER,13.350000000000001,3.7,27.715355805243448,27.715355805243448,4,1,,NQ,,,,,,,,,,,,,,,,,,,,,,,,,,,,,NQ,P,L16,NQ,P,L16,P
29,1546.029,135.107,1519.832,26.197,J,PRIOR,19.65,5.300000000000001,26.972010178117056,26.972010178117056,6,1,,,,,,NQ,,,,,NQ,,,NQ,,QF,NQ,P,P,P,P,NQ,P,L16,P,P,L16,NQ,P,L16,P,P,P,P,P,L16,P
30,1538.594,150.86,1509.5,29.094,I,WEAVER,19.25,5.0,25.97402597402597,25.97402597402597,4,0,,,,,,,,,,,,,,,,NQ,P,P,NQ,P,P,NQ,P,P,P,P,P,P,P,P,P,P,P,P,P,L16,QF
31,1542.265,127.801,1508.852,33.413,A,VINEN,14.75,3.7,25.08474576271186,25.08474576271186,5,1,,,,,,,,,,,,,,,,,,,,,,,,,,,,,,NQ,NQ,P,L16,NQ,P,L16,P
32,1559.221,120.0,1526.921,32.299,AB,BHATTACHARYA,23.1,5.0,21.645021645021643,21.645021645021643,11,0,NQ,,NQ,NQ,NQ,,,L16,,,,,,,,NQ,NQ,NQ,P,L16,QF,P,P,L16,P,NQ,P,NQ,P,P,NQ,P,L16,NQ,NQ,L16,NQ
33,1560.293,120.0,1523.297,36.996,E,SCOONES,22.95,3.7,16.122004357298476,16.122004357298476,16,1,,,,,,,,,,,,NQ,,,NQ,NQ,NQ,NQ,NQ,NQ,NQ,NQ,NQ,NQ,NQ,NQ,NQ,NQ,NQ,NQ,P,P,L16,NQ,NQ,L16,P
34,1527.279,223.897,1505.841,21.438,A,FIELD,11.2,1.7,15.17857142857143,15.17857142857143,3,1,,,,,,,,,,,,,,,,,,,,,,,,,,,,,,NQ,P,P,L16,P,P,NQ,P
35,1534.783,180.288,1506.701,28.082,T,ARJARIA,13.2,2.0,15.151515151515152,15.151515151515152,4,1,,,,,,,,,,,,,,,,,,,,,,,,,,,,,NQ,P,P,NQ,P,P,NQ,L16,P
36,1522.868,298.607,1507.24,15.628,E,HABERSHON,14.250000000000002,1.1,7.719298245614034,7.719298245614034,3,1,,,,,,,,,,,,,,,,,,NQ,P,P,P,P,P,P,P,P,L16,P,NQ,P,P,P,P,P,P,NQ,P
37,1535.435,289.339,1517.456,17.979,A,MORRIS,14.85,0.8,5.3872053872053876,5.3872053872053876,6,2,NQ,NQ,,NQ,NQ,,,NQ,,,,,,,,,,,NQ,P,P,NQ,P,L16,P,NQ,P,P,P,P,P,NQ,P,P,NQ,P,P
38,1549.38,167.366,1527.135,22.245,C,COOLEY,17.8,0.5,2.8089887640449436,2.8089887640449436,13,1,,,NQ,,NQ,NQ,,NQ,NQ,,NQ,NQ,,NQ,,NQ,NQ,NQ,NQ,NQ,P,NQ,L16,NQ,NQ,NQ,NQ,NQ,P,NQ,NQ,P,NQ,P,P,NQ,P
39,1555.497,148.636,1530.286,25.211,K,HIRD,18.75,0.5,2.666666666666667,2.666666666666667,15,1,,,NQ,,NQ,NQ,NQ,NQ,NQ,,NQ,NQ,,NQ,NQ,NQ,NQ,NQ,NQ,NQ,NQ,NQ,L16,NQ,NQ,NQ,NQ,NQ,P,NQ,NQ,P,NQ,NQ,P,NQ,P
40,1631.602,120.0,1561.451,70.151,J,HO,72.4,56.615,78.1975138121547,0.0781975138121547,14,3,,,,,L16,QF,,QF,,,QF,QF,,SF,SF,F,F,F,F,F,W,F,SF,F,W,W,F,SF,P,SF,F,P,QF,F,P,P,P
41,1556.716,120.0,1513.126,43.589,J,HOPKINS,32.0,19.939999999999998,62.31249999999999,0.06231249999999999,4,4,,,,,,,,NQ,,,,,,,,,,,,,,,,,,,,SF,P,SF,F,P,QF,P,P,P,P
42,1570.601,120.0,1529.062,41.539,T,BARKER,32.75,17.28,52.76335877862596,0.05276335877862596,7,6,,,,,,NQ,,QF,QF,,L16,,,,,,NQ,SF,P,QF,SF,P,L16,P,P,P,SF,SF,P,QF,SF,P,P,P,P,P,P
43,1526.374,155.297,1504.272,22.102,D,INGRAM,11.0,5.2,47.27272727272727,0.04727272727272727,2,0,,,,,,,,,,,,,,,,,,,,,,,,,,,,,,,,,,,NQ,P,SF
44,1570.851,120.0,1534.241,36.61,R,TYLER,31.799999999999997,13.02,40.943396226415096,0.040943396226415095,9,3,,SF,,,QF,,QF,,QF,NQ,L16,QF,,L16,NQ,,L16,P,P,P,P,P,P,QF,NQ,QF,QF,NQ,QF,L16,NQ,P,P,QF,P,P,P
45,1577.097,127.631,1545.97,31.127,A,THEODOSSI,20.650000000000002,7.4799999999999995,36.22276029055689,0.03622276029055689,6,7,QF,QF,SF,SF,QF,QF,SF,QF,SF,SF,SF,SF,F,L16,QF,,,SF,QF,QF,QF,P,SF,NQ,P,P,P,P,P,QF,P,P,P,P,P,P,P
46,1554.407,120.0,1514.525,39.882,W,SISSONS,24.549999999999997,8.350000000000001,34.01221995926681,0.03401221995926681,7,7,,,,,,,,,,,,,,,,NQ,P,P,NQ,P,P,QF,P,L16,P,QF,P,QF,QF,L16,P,P,P,P,P,P,P
47,1555.541,120.0,1516.15,39.391,SAHIL,SHAH,24.2,8.04,33.22314049586777,0.03322314049586777,7,6,,,,,,,,,,,,,,,NQ,,NQ,NQ,P,P,P,P,P,QF,QF,P,L16,NQ,QF,L16,NQ,P,P,P,P,P,P
48,1546.164,210.732,1522.76,23.404,T,GALLAGHER,15.6,5.08,32.56410256410256,0.03256410256410256,2,1,,,,,NQ,NQ,NQ,NQ,F,F,L16,QF,NQ,L16,,,,,,,,,,,,,QF,P,P,P,P,P,P,P,P,L16,P
49,1560.15,120.0,1519.478,40.671,C,KOKSAL,23.65,7.279999999999999,30.782241014799155,0.030782241014799153,11,6,,,,,,,,,,,,,,,,,L16,NQ,NQ,L16,NQ,P,L16,NQ,NQ,P,QF,NQ,QF,L16,NQ,P,P,P,P,P,P
50,1536.739,181.566,1507.828,28.911,B,HART,11.6,3.0999999999999996,26.72413793103448,0.02672413793103448,2,4,NQ,,,,,,,,,,,,,,,,,,,,,,,,,,,,,L16,P,P,L16,P,P,P,P
51,1563.287,120.0,1530.04,33.247,J,MARKS,20.2,5.3,26.237623762376238,0.026237623762376237,8,6,,,,,,QF,,QF,,,QF,QF,,L16,QF,,L16,QF,P,L16,QF,P,L16,L16,NQ,P,P,NQ,P,L16,QF,P,P,P,P,P,P
52,1546.941,196.52,1527.705,19.236,R,WORTH,17.6,4.37,24.829545454545453,0.024829545454545455,3,3,,NQ,,QF,,,,,,QF,,,QF,QF,QF,SF,QF,QF,SF,P,P,SF,P,P,P,P,P,P,P,P,P,P,P,QF,P,P,P
53,1543.309,196.52,1523.754,19.555,T,COX,17.6,4.37,24.829545454545453,0.024829545454545455,3,3,,,,,,,,,,QF,L16,,QF,QF,QF,SF,QF,QF,SF,P,P,SF,P,P,P,P,P,P,P,P,P,P,P,QF,P,P,P
54,1544.185,123.353,1510.429,33.756,T,COTTERELL,17.5,4.15,23.714285714285715,0.023714285714285716,4,7,,,,NQ,,,,,,,,,,,,,,,NQ,P,P,P,P,P,P,P,L16,QF,P,L16,P,P,P,P,P,P,P
55,1539.009,150.86,1512.869,26.14,H,BLOFIELD,17.799999999999997,4.199999999999999,23.595505617977526,0.023595505617977526,3,6,NQ,,,QF,,,,,,,,,,,,,,,,,NQ,P,P,P,P,P,P,P,QF,P,QF,P,P,P,P,P,P
56,1533.925,156.73,1508.417,25.508,O,DENBY,17.75,3.75,21.12676056338028,0.02112676056338028,5,3,,,,,,,,,,,,,,,,,,,,,,,,,QF,NQ,P,NQ,P,P,NQ,P,P,QF,P,P,P
57,1537.855,189.643,1512.291,25.565,D,ROBSON,13.5,2.8,20.74074074074074,0.02074074074074074,3,4,,NQ,,QF,NQ,,,,,,,,,,,,,,,,,,,,,,L16,NQ,P,P,P,P,L16,P,P,P,P
58,1540.152,162.515,1508.693,31.46,I,JOCHIM,15.600000000000001,3.08,19.743589743589745,0.019743589743589744,5,10,,,,,,,,,,,,,,,,,,,NQ,P,NQ,NQ,P,P,NQ,P,QF,P,P,P,P,P,P,P,P,P,P
59,1538.028,245.65,1519.882,18.146,T,WELTI,15.9,3.0,18.867924528301884,0.018867924528301886,1,2,NQ,,,NQ,,,SF,,QF,NQ,L16,NQ,QF,,,,L16,NQ,P,P,P,P,P,P,P,P,P,P,P,P,P,P,P,P,QF,P,P
60,1532.45,208.803,1507.141,25.309,I,SALIM,12.899999999999999,2.2399999999999998,17.364341085271317,0.017364341085271316,1,13,,,,,,,,,NQ,,NQ,,,,,,,,,,,,,QF,P,P,P,P,P,P,P,P,P,P,P,P,P
61,1537.962,177.482,1508.286,29.676,M,DESOUZAGIRAO,14.0,2.2399999999999998,15.999999999999998,0.015999999999999997,3,12,,NQ,,,,,,,,,,,,,,,,,,,NQ,P,P,QF,NQ,P,P,P,P,P,P,P,P,P,P,P,P
62,1539.637,132.512,1516.537,23.1,A,RENNIE,15.250000000000002,2.35,15.40983606557377,0.01540983606557377,4,9,,,NQ,NQ,NQ,NQ,,NQ,,,,,,,NQ,,,NQ,P,L16,P,P,L16,P,P,QF,P,NQ,P,P,P,P,P,P,P,P,P
63,1552.192,120.0,1517.395,34.797,G,THOMASON,13.25,1.96,14.79245283018868,0.01479245283018868,2,14,QF,L16,,,QF,,,,,,,,NQ,,,,,,,QF,P,P,QF,P,P,P,P,P,P,P,P,P,P,P,P,P,P
64,1533.056,212.103,1505.907,27.149,B,SWALLOW,12.0,1.7,14.166666666666666,0.014166666666666666,3,4,,,,,,,,,,,,,,,,,,,,,,,,,,,,NQ,P,P,NQ,P,L16,P,P,P,P
65,1531.914,245.65,1511.607,20.307,J,BLACK,13.75,1.9,13.818181818181818,0.013818181818181818,2,4,,,,,NQ,,,,,,,,,,,,,NQ,P,L16,P,P,P,P,P,P,P,P,P,P,P,P,L16,P,P,P,P
66,1543.322,181.566,1514.458,28.864,T,BETTS,13.75,1.9000000000000001,13.818181818181818,0.013818181818181818,2,10,,,,,,,,L16,,,NQ,NQ,,,,,NQ,P,P,P,P,P,P,L16,P,P,L16,P,P,P,P,P,P,P,P,P,P
67,1545.113,157.357,1521.466,23.647,S,SIMMONS,14.3,1.9,13.286713286713287,0.013286713286713287,3,7,NQ,L16,,NQ,,NQ,QF,L16,,,NQ,,NQ,,,,L16,P,P,P,P,P,L16,P,P,NQ,P,P,P,L16,P,P,P,P,P,P,P
68,1553.549,120.0,1513.411,40.137,T,WALTERS,13.450000000000001,1.6099999999999999,11.970260223048324,0.011970260223048325,4,15,,,,,,,,,,,,,QF,,,,,,QF,QF,NQ,QF,P,P,P,P,P,P,P,P,P,P,P,P,P,P,P
69,1526.399,182.702,1503.96,22.439,A,BACKHOUSE,12.100000000000001,1.4,11.570247933884295,0.011570247933884295,1,14,,,,,,,,,,,,,,,,,,,,,,,QF,P,P,P,P,P,P,P,P,P,P,P,P,P,P
70,1533.374,173.673,1507.531,25.843,R,WIJERATNE,12.100000000000001,1.4,11.570247933884295,0.011570247933884295,1,14,,,,,,,,,,,,,,QF,,,,,,,,,QF,P,P,P,P,P,P,P,P,P,P,P,P,P,P
71,1526.745,293.802,1513.269,13.475,N,SHAW,14.500000000000002,1.6500000000000001,11.379310344827585,0.011379310344827585,2,3,,,,,,,,,,,,,,,NQ,,L16,P,P,P,P,P,P,P,P,QF,P,P,P,P,P,P,P,NQ,P,P,P
72,1522.953,340.0,1513.334,9.619,GRANT,WILLIAMS,14.600000000000001,1.6500000000000001,11.301369863013697,0.011301369863013697,3,5,,,,,L16,,,L16,,,L16,,,,,,,,NQ,P,P,P,P,P,P,QF,P,P,P,P,P,NQ,P,P,P,P,P
73,1539.938,176.96,1509.417,30.521,A,CAMERON-BLACKIE,15.4,1.7,11.03896103896104,0.01103896103896104,5,4,,,,,,,,,,,,,,,,,,,,,,,NQ,P,P,P,P,P,NQ,P,NQ,NQ,L16,P,P,P,P
74,1524.138,331.5,1509.851,14.287,M,HUGHES,15.3,1.6500000000000001,10.784313725490197,0.010784313725490198,4,5,,,,,L16,,,,,,,,,,,,,,NQ,P,P,P,P,P,P,QF,P,P,NQ,P,P,NQ,P,P,P,P,P
75,1545.053,237.666,1524.623,20.43,D,MEW,13.0,1.4,10.769230769230768,0.010769230769230769,2,7,,SF,,,QF,,,,QF,NQ,L16,QF,,L16,,,,,,NQ,P,P,P,P,P,P,P,P,P,L16,P,P,P,P,P,P,P
76,1527.818,245.65,1507.632,20.186,C,NICHOLLS,11.7,1.2000000000000002,10.256410256410259,0.01025641025641026,1,12,,,,,,,,,NQ,,,,,L16,,,,,,,,,,,QF,P,P,P,P,P,P,P,P,P,P,P,P
77,1526.16,182.702,1504.323,21.837,G,NSENGA,10.95,1.1,10.045662100456623,0.010045662100456623,2,9,,,,,,,,,,,,,,,,,,,,,,,,,,,L16,NQ,P,P,P,P,P,P,P,P,P
78,1541.282,194.48,1515.438,25.845,J,RAVI,12.950000000000001,1.3,10.038610038610038,0.010038610038610039,3,10,,NQ,,,,,,NQ,,,NQ,,,,NQ,,NQ,NQ,NQ,L16,P,P,P,P,P,P,L16,P,P,P,P,P,P,P,P,P,P
79,1523.64,225.202,1504.58,19.059,A,DESHMUKH,11.1,1.1,9.909909909909912,0.009909909909909911,2,7,,,,,,,,,,,,,,,,,,,,,,,,,,,L16,P,P,NQ,P,P,P,P,P,P,P
80,1524.785,272.0,1512.08,12.705,S,MCLOUGHLIN,13.8,1.25,9.057971014492754,0.009057971014492754,4,5,,,,,,,,,,,,,NQ,,NQ,QF,P,P,QF,L16,P,QF,P,P,P,P,P,P,P,P,P,NQ,P,P,P,P,P
81,1546.027,145.548,1520.084,25.943,A,TAYLOR,15.649999999999999,1.4,8.945686900958465,0.008945686900958465,7,6,,,NQ,,,,,NQ,,,,,,L16,,,L16,NQ,NQ,P,P,NQ,QF,P,P,P,P,NQ,NQ,NQ,NQ,P,P,P,P,P,P
82,1525.736,245.65,1504.706,21.03,J,BARLEY,12.450000000000001,1.1,8.835341365461847,0.008835341365461847,2,10,,,,,,,,,,,,,,,,,,,,,NQ,P,P,P,P,P,L16,P,P,P,P,P,P,P,P,P,P
83,1525.736,245.65,1504.706,21.03,P,ASHWORTH,12.450000000000001,1.1,8.835341365461847,0.008835341365461847,2,10,,,,,,,,,,,,,,,,,,,,,NQ,P,P,P,P,P,L16,P,P,P,P,P,P,P,P,P,P
84,1534.147,180.431,1508.043,26.104,O,HALLAM,12.8,1.1,8.59375,0.00859375,3,12,,,,,,,,,,,,NQ,,,,,,,,,QF,P,P,L16,NQ,P,P,P,P,P,P,P,P,P,P,P,P
85,1582.037,120.0,1534.584,47.453,G,CAMPBELL,12.0,0.96,8.0,0.008,1,17,F,F,F,,SF,,,,,,,,,QF,SF,,SF,P,P,SF,P,P,P,P,P,P,P,P,P,P,P,P,P,P,P,P,P
86,1579.625,120.0,1530.342,49.283,P,DUNBAR,12.0,0.96,8.0,0.008,1,17,F,F,F,,SF,,,,,,QF,,,QF,SF,,SF,P,P,SF,P,P,P,P,P,P,P,P,P,P,P,P,P,P,P,P,P
87,1536.169,207.778,1513.287,22.881,N,TURNBULL,13.899999999999999,1.0,7.194244604316548,0.007194244604316548,5,7,,,,,,,,,NQ,,,NQ,NQ,,,,,,NQ,L16,P,P,P,L16,P,P,P,P,NQ,NQ,P,P,P,P,P,P,P
88,1526.402,213.408,1504.509,21.892,R,MACDONALD-O'BRIEN,12.05,0.8,6.639004149377594,0.006639004149377594,2,13,,,,,,,,,,,,,,,,,,,,,,NQ,P,L16,P,P,P,P,P,P,P,P,P,P,P,P,P
89,1557.16,120.0,1524.532,32.627,A,JOYCE,12.15,0.8,6.584362139917696,0.006584362139917695,2,14,,,QF,,QF,SF,,SF,NQ,QF,L16,,,L16,SF,,QF,QF,QF,P,P,P,L16,P,P,P,P,P,P,P,P,P,P,P,P,P,P
90,1520.065,308.897,1505.885,14.18,D,TAYLOR-WEST,12.899999999999999,0.8,6.2015503875969005,0.006201550387596901,3,5,,,,,,,,,,,,,,,,,,,,,,NQ,P,L16,P,P,P,P,P,P,P,NQ,P,P,P,P,P
91,1541.605,120.0,1510.733,30.872,M,KOVAR,11.95,0.7,5.857740585774058,0.005857740585774058,2,14,,,,,,,,,,,,,,L16,,,L16,QF,P,L16,P,P,L16,P,P,P,P,P,P,P,P,P,P,P,P,P,P
92,1542.188,120.0,1509.573,32.615,J,PIGGOT,11.600000000000001,0.5599999999999999,4.827586206896551,0.004827586206896551,1,17,,,,,,,,,,,QF,,,,,,L16,P,P,QF,P,P,P,P,P,P,P,P,P,P,P,P,P,P,P,P,P
93,1538.408,142.622,1516.053,22.356,C,AUSTIN,11.65,0.5,4.291845493562231,0.004291845493562232,1,14,NQ,L16,,NQ,,NQ,,L16,,,NQ,,NQ,,,,L16,P,P,P,P,P,L16,P,P,P,P,P,P,P,P,P,P,P,P,P,P
94,1535.273,144.935,1507.213,28.06,A,ASLAM-BASKEYFIELD,11.4,0.30000000000000004,2.6315789473684212,0.0026315789473684214,1,18,,,,,,,,,,,,,NQ,,NQ,QF,P,P,QF,P,P,P,P,P,P,P,P,P,P,P,P,P,P,P,P,P,P
95,1520.854,214.944,1503.128,17.726,W,PONSONBY,11.100000000000001,0.2,1.8018018018018018,0.0018018018018018018,1,17,,,,,,,,,,,,,,,,,,,,L16,P,P,P,P,P,P,P,P,P,P,P,P,P,P,P,P,P
96,1535.863,239.509,1510.072,25.791,S,KUNDU,11.2,0.2,1.785714285714286,0.001785714285714286,1,17,NQ,L16,,,,,,,,,,,,,,,,NQ,P,L16,P,P,P,P,P,P,P,P,P,P,P,P,P,P,P,P,P
97,1538.27,190.951,1512.161,26.108,N,CHOUSTIKOV,16.6,0.0,0.0,0.0,10,1,,,,,,,,,,,,,,,,,,,,,,,NQ,NQ,NQ,P,NQ,NQ,NQ,NQ,NQ,P,P,P,NQ,NQ,P
98,1542.567,185.712,1517.035,25.532,S,BURNELL,15.200000000000001,0.0,0.0,0.0,10,5,,,,,,,,,,,,NQ,NQ,NQ,NQ,,NQ,P,NQ,NQ,P,NQ,NQ,NQ,NQ,P,P,NQ,NQ,NQ,P,NQ,P,P,P,P,P
99,1545.225,181.438,1520.133,25.092,T,GREGORY,15.200000000000001,0.0,0.0,0.0,10,5,,,,,,NQ,,NQ,NQ,,,NQ,NQ,NQ,NQ,,NQ,P,NQ,NQ,P,NQ,NQ,NQ,NQ,P,P,NQ,NQ,NQ,P,NQ,P,P,P,P,P
100,1531.752,288.582,1510.074,21.678,W,THOMAS,14.8,0.0,0.0,0.0,6,2,,,,,,,,,,,,,,,,,NQ,P,P,P,P,P,NQ,P,P,P,NQ,P,NQ,NQ,NQ,P,P,P,NQ,P,P
101,1530.201,291.136,1510.013,20.188,O,AVERY,14.650000000000002,0.0,0.0,0.0,7,1,,,,,,,,,,,,,,,,,,,,NQ,P,P,NQ,P,P,P,NQ,NQ,P,NQ,NQ,P,P,P,P,NQ,P
102,1535.111,227.319,1509.434,25.677,M,CHINERY,13.6,0.0,0.0,0.0,7,7,,,,,,,,,,,,,,,,,,,,NQ,NQ,P,NQ,NQ,P,P,NQ,P,NQ,NQ,P,P,P,P,P,P,P
103,1527.129,318.82,1512.254,14.875,A,LUMBARD,13.3,0.0,0.0,0.0,6,2,,,,,,,,,,,,,,,NQ,NQ,NQ,NQ,NQ,P,NQ,NQ,NQ,P,P,P,P,P,P,NQ,P,P,P,P,NQ,P,P
104,1523.102,340.0,1507.492,15.61,V,GUDIWALA,13.149999999999999,0.0,0.0,0.0,5,1,,,,,,,,,,,,,,,,,,,,,NQ,P,NQ,P,NQ,P,P,P,P,NQ,P,P,P,P,P,NQ,P
105,1532.121,266.491,1509.165,22.957,M,TAVRA,13.0,0.0,0.0,0.0,6,8,,,,,,,,,,,,,,,,,,NQ,P,NQ,NQ,P,NQ,P,NQ,P,P,NQ,NQ,P,P,P,P,P,P,P,P
106,1529.7,252.251,1510.124,19.576,C,LUMBARD,12.95,0.0,0.0,0.0,7,7,,,,,,,,,,,,,,,,,,NQ,NQ,NQ,NQ,NQ,NQ,P,P,P,NQ,P,P,NQ,P,P,P,P,P,P,P
107,1530.225,285.31,1507.434,22.791,W,SEATH,12.95,0.0,0.0,0.0,5,7,,,,,,,,,,,,,,,,,,,,NQ,P,P,NQ,P,P,P,NQ,NQ,P,NQ,P,P,P,P,P,P,P
108,1526.599,340.0,1512.46,14.139,A,KNIGHT,12.85,0.0,0.0,0.0,3,1,,,,,,,,L16,,,,,,,,,NQ,P,P,P,P,P,NQ,P,P,P,P,P,P,NQ,P,P,P,P,P,NQ,P
109,1525.363,292.033,1506.058,19.305,S,THATCHER,12.6,0.0,0.0,0.0,4,4,,,,,,,,,,,,,,,,,,,,,,,,NQ,P,P,NQ,P,P,NQ,P,P,NQ,P,P,P,P
110,1518.192,340.0,1504.552,13.64,T,CAMPBELL,12.6,0.0,0.0,0.0,2,1,,,,,,,,,,,,,,,,,,NQ,P,P,P,P,P,P,P,P,P,P,P,P,NQ,P,P,P,P,NQ,P
111,1533.192,287.427,1512.487,20.705,D,REDMOND,12.350000000000001,0.0,0.0,0.0,4,10,,NQ,,,,NQ,,,,,,,,,,NQ,P,P,P,P,P,NQ,NQ,NQ,P,P,NQ,P,P,P,P,P,P,P,P,P,P
112,1525.324,285.658,1505.679,19.645,E,EVANS,12.350000000000001,0.0,0.0,0.0,4,10,,,,,,,,,,,,,,,,,,,NQ,P,P,NQ,P,P,P,NQ,NQ,P,P,P,P,P,P,P,P,P,P
113,1544.422,146.901,1520.991,23.431,R,MORGAN,12.1,0.0,0.0,0.0,6,12,,,,,,,NQ,NQ,,,NQ,NQ,NQ,NQ,NQ,NQ,NQ,NQ,NQ,NQ,NQ,NQ,NQ,P,NQ,P,P,P,P,P,P,P,P,P,P,P,P
114,1521.348,293.569,1504.267,17.081,J,AINSLIE,11.8,0.0,0.0,0.0,3,11,,,,,,,,,,,,,,,,,,,,,,NQ,P,NQ,P,NQ,P,P,P,P,P,P,P,P,P,P,P
115,1521.348,293.569,1504.267,17.081,N,ARGYLE,11.8,0.0,0.0,0.0,3,11,,,,,,,,,,,,,,,,,,,,,,NQ,P,NQ,P,NQ,P,P,P,P,P,P,P,P,P,P,P
116,1522.421,298.408,1505.627,16.795,P,HOLLAND,11.7,0.0,0.0,0.0,4,2,,,,,,,,,,,,,,,,,,,,,,,,,,,NQ,P,NQ,NQ,P,P,P,P,NQ,P,P
117,1513.642,340.0,1503.25,10.392,P,HALL,11.600000000000001,0.0,0.0,0.0,2,1,,,,,,,,,,,,,,,,,,,,,,,NQ,P,P,P,P,P,P,P,P,P,P,P,P,NQ,P
118,1515.288,340.0,1505.906,9.382,T,STUBBS,11.600000000000001,0.0,0.0,0.0,1,8,,NQ,,,,,,,,,,,,,,NQ,P,P,P,P,P,P,P,P,P,P,P,P,NQ,P,P,P,P,P,P,P,P
119,1512.19,340.0,1502.903,9.287,B,BANNERMAN,11.6,0.0,0.0,0.0,1,6,,,,,,,,,,,,,,,,,,NQ,P,P,P,P,P,P,P,P,P,P,P,P,NQ,P,P,P,P,P,P
120,1527.786,218.827,1505.15,22.636,T,BYRNE,11.6,0.0,0.0,0.0,4,14,,,,,,,,,,,,,,,,,,,NQ,P,NQ,NQ,NQ,P,P,P,P,P,P,P,P,P,P,P,P,P,P
121,1527.786,218.827,1505.15,22.636,Y,BLEUNVEN,11.6,0.0,0.0,0.0,4,14,,,,,,,,,,,,,,,,,,,NQ,P,NQ,NQ,NQ,P,P,P,P,P,P,P,P,P,P,P,P,P,P
122,1519.844,329.694,1504.493,15.351,E,OSEN,11.55,0.0,0.0,0.0,2,13,,,,,,,,,,,,,,,,NQ,P,P,P,P,P,NQ,P,NQ,P,P,P,P,P,P,P,P,P,P,P,P,P
123,1513.345,340.0,1502.897,10.448,J,KYNASTON,11.55,0.0,0.0,0.0,2,11,,,,,,,,,,,,,,,,,,,NQ,P,P,P,P,P,P,NQ,P,P,P,P,P,P,P,P,P,P,P
124,1517.553,336.069,1504.228,13.325,H,WEBSTER,11.549999999999999,0.0,0.0,0.0,3,2,,,,,,,,,,,,,,,,,,,,,,,,,,NQ,P,P,NQ,P,P,P,P,P,NQ,P,P
125,1519.677,293.569,1504.267,15.41,A,SHAH,11.45,0.0,0.0,0.0,3,12,,,,,,,,,,,,,,,,,,,,,NQ,P,NQ,P,NQ,P,P,P,P,P,P,P,P,P,P,P,P
126,1517.617,340.0,1505.768,11.85,C,JONES,11.4,0.0,0.0,0.0,2,11,,,,,,,,,,,,,,,,,,,,,,NQ,P,P,P,NQ,P,P,P,P,P,P,P,P,P,P,P
127,1514.036,340.0,1502.893,11.143,N,SHEPARD,11.350000000000001,0.0,0.0,0.0,2,11,,,,,,,,,,,,,,,,,,,,,NQ,P,P,P,P,NQ,P,P,P,P,P,P,P,P,P,P,P
128,1513.345,340.0,1502.897,10.448,S,GORE,11.350000000000001,0.0,0.0,0.0,2,9,,,,,,,,,,,,,,,,,,,,,NQ,P,P,P,P,P,P,NQ,P,P,P,P,P,P,P,P,P
129,1522.017,257.444,1503.897,18.121,H,ASQUITH,11.35,0.0,0.0,0.0,3,15,,,,,,,,,,,,,,,,,,,NQ,P,NQ,NQ,P,P,P,P,P,P,P,P,P,P,P,P,P,P,P
130,1524.264,251.069,1504.12,20.143,I,ADEBEKUN,11.3,0.0,0.0,0.0,3,14,,,,,,,,,,,,,,,,,,,,,NQ,NQ,NQ,P,P,P,P,P,P,P,P,P,P,P,P,P,P
131,1524.264,251.069,1504.12,20.143,V,PRASHRA,11.3,0.0,0.0,0.0,3,14,,,,,,,,,,,,,,,,,,,,,NQ,NQ,NQ,P,P,P,P,P,P,P,P,P,P,P,P,P,P
132,1529.134,218.827,1505.295,23.839,E,SMITH,11.25,0.0,0.0,0.0,4,7,,,,,,,,,,,,,,,,,,,,,,,,,,,NQ,NQ,NQ,NQ,P,P,P,P,P,P,P
133,1519.726,293.569,1504.108,15.618,M,VANWYK,11.25,0.0,0.0,0.0,2,15,,,,,,,,,,,,,,,,NQ,P,P,NQ,P,P,NQ,P,P,P,P,P,P,P,P,P,P,P,P,P,P,P
134,1518.728,299.944,1504.02,14.708,T,FARMER,11.25,0.0,0.0,0.0,3,5,,,,,,,,,,,,,,,,,,,,,,,,,,NQ,P,NQ,P,P,P,NQ,P,P,P,P,P
135,1514.435,337.875,1502.885,11.55,C,BLACKABY,11.2,0.0,0.0,0.0,2,12,,,,,,,,,,,,,,,,,,,,,NQ,P,P,P,NQ,P,P,P,P,P,P,P,P,P,P,P,P
136,1517.334,267.702,1503.983,13.351,P,CLARK,11.15,0.0,0.0,0.0,1,15,,,,,,,,,,,,,,,,QF,P,P,P,P,P,NQ,P,P,P,P,P,P,P,P,P,P,P,P,P,P,P
137,1517.351,295.375,1503.097,14.254,R,THOROGOOD,11.15,0.0,0.0,0.0,2,14,,,,,,,,,,,,,,,,,,,,NQ,P,P,NQ,P,P,P,P,P,P,P,P,P,P,P,P,P,P
138,1525.038,255.908,1505.507,19.531,E,CALDWELL,11.05,0.0,0.0,0.0,4,1,,,,,,,,,,,,,,,,,,,,,,,,,,,,,NQ,P,P,NQ,NQ,P,P,NQ,P
139,1520.096,225.202,1503.863,16.233,A,GARRETT,11.0,0.0,0.0,0.0,1,18,,,,,,,,,,,,,,,,QF,P,P,NQ,P,P,P,P,P,P,P,P,P,P,P,P,P,P,P,P,P,P
140,1509.358,297.5,1501.404,7.955,A,LEGEAIS,11.0,0.0,0.0,0.0,1,18,,,,,,,,,,,,,,,,,,,NQ,P,P,P,P,P,P,P,P,P,P,P,P,P,P,P,P,P,P
141,1509.358,297.5,1501.404,7.955,B,HULME,11.0,0.0,0.0,0.0,1,18,,,,,,,,,,,,,,,,,,,NQ,P,P,P,P,P,P,P,P,P,P,P,P,P,P,P,P,P,P
142,1509.358,297.5,1501.404,7.955,D,HUMES,11.0,0.0,0.0,0.0,1,18,,,,,,,,,,,,,,,,,,,NQ,P,P,P,P,P,P,P,P,P,P,P,P,P,P,P,P,P,P
143,1515.518,295.375,1502.769,12.749,G,MCLOUGHLIN,11.0,0.0,0.0,0.0,1,18,,,,,,,,,,,,,,,,NQ,P,P,NQ,P,P,P,P,P,P,P,P,P,P,P,P,P,P,P,P,P,P
144,1509.358,297.5,1501.404,7.955,J,HINWOOD,11.0,0.0,0.0,0.0,1,18,,,,,,,,,,,,,,,,,,,NQ,P,P,P,P,P,P,P,P,P,P,P,P,P,P,P,P,P,P
145,1515.518,295.375,1502.769,12.749,T,CASTLING,11.0,0.0,0.0,0.0,1,18,,,,,,,,,,,,,,,,NQ,P,P,NQ,P,P,P,P,P,P,P,P,P,P,P,P,P,P,P,P,P,P
146,1522.973,214.944,1503.932,19.04,C,STONE,10.95,0.0,0.0,0.0,3,9,,,,,,,,,,,,,,,,,,,,,,,,,,NQ,NQ,NQ,P,P,P,P,P,P,P,P,P
147,,,,,,BRUNSKILL,10.9,0.0,0.0,0.0,0,21,,,,,,,,,,,,,,,,NQ,P,P,P,P,P,P,P,P,P,P,P,P,P,P,P,P,P,P,P,P,P
148,,,,,,FOX,10.9,0.0,0.0,0.0,0,22,,,,,,,NQ,,,,,,,,,P,P,P,P,P,P,P,P,P,P,P,P,P,P,P,P,P,P,P,P,P,P
149,,,,,,HENDERSON,10.9,0.0,0.0,0.0,0,22,NQ,,,,,,,,,,,,,,,P,P,P,P,P,P,P,P,P,P,P,P,P,P,P,P,P,P,P,P,P,P
150,,,,,,HINWOOD,10.9,0.0,0.0,0.0,0,22,,,,,,,,,,,,,NQ,,,P,P,P,P,P,P,P,P,P,P,P,P,P,P,P,P,P,P,P,P,P,P
151,,,,,,JEBB,10.9,0.0,0.0,0.0,0,22,,,,,,,,,,,,,NQ,,,P,P,P,P,P,P,P,P,P,P,P,P,P,P,P,P,P,P,P,P,P,P
152,,,,,,KINWOOD,10.9,0.0,0.0,0.0,0,21,,,,,,,,,,,,,,,,NQ,P,P,P,P,P,P,P,P,P,P,P,P,P,P,P,P,P,P,P,P,P
153,,,,,,KYNASTON,10.9,0.0,0.0,0.0,0,21,,,,,,,,,,,,,,,,NQ,P,P,P,P,P,P,P,P,P,P,P,P,P,P,P,P,P,P,P,P,P
154,,,,,,LAMPRIERE-JOHNSTON,10.9,0.0,0.0,0.0,0,22,,,,,,,,,,,,,NQ,,,P,P,P,P,P,P,P,P,P,P,P,P,P,P,P,P,P,P,P,P,P,P
155,,,,,,LEGEAIS,10.9,0.0,0.0,0.0,0,21,,,,,,,,,,,,,,,,NQ,P,P,P,P,P,P,P,P,P,P,P,P,P,P,P,P,P,P,P,P,P
156,,,,,,LINDSAY,10.9,0.0,0.0,0.0,0,22,,,,,,,,,,,,,NQ,,,P,P,P,P,P,P,P,P,P,P,P,P,P,P,P,P,P,P,P,P,P,P
157,,,,,,LOW,10.9,0.0,0.0,0.0,0,22,,,,,,,,,NQ,,,,,,,P,P,P,P,P,P,P,P,P,P,P,P,P,P,P,P,P,P,P,P,P,P
158,,,,,,MATTINSON,10.9,0.0,0.0,0.0,0,22,,,,,,,,,,,,,NQ,,,P,P,P,P,P,P,P,P,P,P,P,P,P,P,P,P,P,P,P,P,P,P
159,,,,,,NG,10.9,0.0,0.0,0.0,0,21,,,,,,,,,,,,,,,,NQ,P,P,P,P,P,P,P,P,P,P,P,P,P,P,P,P,P,P,P,P,P
160,,,,,,PEEL,10.9,0.0,0.0,0.0,0,22,NQ,,,,,,,,,,,,,,,P,P,P,P,P,P,P,P,P,P,P,P,P,P,P,P,P,P,P,P,P,P
161,,,,,,PHILLIPS,10.9,0.0,0.0,0.0,0,22,NQ,,,,,,,,,,,,,,,P,P,P,P,P,P,P,P,P,P,P,P,P,P,P,P,P,P,P,P,P,P
162,,,,,,PRAKASH,10.9,0.0,0.0,0.0,0,22,,,,,,,,,NQ,,,,,,,P,P,P,P,P,P,P,P,P,P,P,P,P,P,P,P,P,P,P,P,P,P
163,,,,,,QUIRK,10.9,0.0,0.0,0.0,0,22,NQ,,,,,,,,,,,,,,,P,P,P,P,P,P,P,P,P,P,P,P,P,P,P,P,P,P,P,P,P,P
164,,,,,,SCHOFIELD,10.9,0.0,0.0,0.0,0,21,,,,,,,,,,,,,,,,NQ,P,P,P,P,P,P,P,P,P,P,P,P,P,P,P,P,P,P,P,P,P
165,,,,,,SONGTHAMMAKUL,10.9,0.0,0.0,0.0,0,21,,,,,,,,,,,,,NQ,,,NQ,P,P,P,P,P,P,P,P,P,P,P,P,P,P,P,P,P,P,P,P,P
166,,,,,,STAPLETON,10.9,0.0,0.0,0.0,0,22,,,,,,,,,,,,,NQ,,,P,P,P,P,P,P,P,P,P,P,P,P,P,P,P,P,P,P,P,P,P,P
167,,,,,,STYLES,10.9,0.0,0.0,0.0,0,22,NQ,,,,,,,,,,,,,,,P,P,P,P,P,P,P,P,P,P,P,P,P,P,P,P,P,P,P,P,P,P
168,,,,,,WARBURG,10.9,0.0,0.0,0.0,0,22,,,,NQ,,,,,,,,,,,,P,P,P,P,P,P,P,P,P,P,P,P,P,P,P,P,P,P,P,P,P,P
169,,,,,,WHITE,10.9,0.0,0.0,0.0,0,22,NQ,,,,,,NQ,,,NQ,,,,,,P,P,P,P,P,P,P,P,P,P,P,P,P,P,P,P,P,P,P,P,P,P
170,1519.592,214.944,1502.939,16.653,A,BENSON,10.9,0.0,0.0,0.0,0,20,,,,,,,,,,,,,,,,,L16,P,P,P,P,P,P,P,P,P,P,P,P,P,P,P,P,P,P,P,P
171,1517.413,295.375,1502.928,14.485,A,CRAWFORD,10.9,0.0,0.0,0.0,0,22,,NQ,,,,,,,,,,,,,,P,P,P,P,P,P,P,P,P,P,P,P,P,P,P,P,P,P,P,P,P,P
172,1509.358,297.5,1501.404,7.955,A,MITCHELL,10.9,0.0,0.0,0.0,0,22,,,,NQ,,,,,,,,,,,,P,P,P,P,P,P,P,P,P,P,P,P,P,P,P,P,P,P,P,P,P,P
173,1517.058,340.0,1504.729,12.328,A,NICE,10.9,0.0,0.0,0.0,0,22,,,,,NQ,,,,,,,,,NQ,,P,P,P,P,P,P,P,P,P,P,P,P,P,P,P,P,P,P,P,P,P,P
174,1509.358,297.5,1501.404,7.955,A,PATTEN,10.9,0.0,0.0,0.0,0,22,,,,NQ,,,,,,,,,,,,P,P,P,P,P,P,P,P,P,P,P,P,P,P,P,P,P,P,P,P,P,P
175,1510.481,297.5,1501.572,8.909,A,POOLE,10.9,0.0,0.0,0.0,0,22,,NQ,,,,,,,,,,,,,,P,P,P,P,P,P,P,P,P,P,P,P,P,P,P,P,P,P,P,P,P,P
176,1509.358,297.5,1501.404,7.955,A,RATTAN,10.9,0.0,0.0,0.0,0,22,,,,,,NQ,,,,,,,,,,P,P,P,P,P,P,P,P,P,P,P,P,P,P,P,P,P,P,P,P,P,P
177,1510.481,297.5,1501.572,8.909,A,STEWART,10.9,0.0,0.0,0.0,0,22,,,,,,,,,,,NQ,,,,,P,P,P,P,P,P,P,P,P,P,P,P,P,P,P,P,P,P,P,P,P,P
178,1522.894,182.702,1503.434,19.46,A,WALTERS,10.9,0.0,0.0,0.0,0,22,SF,,,,,,,,,,,,,,,P,P,P,P,P,P,P,P,P,P,P,P,P,P,P,P,P,P,P,P,P,P
179,1525.676,197.797,1505.222,20.454,A,WELLESLEY,10.9,0.0,0.0,0.0,0,22,,,,,,,NQ,L16,,,NQ,,,,,P,P,P,P,P,P,P,P,P,P,P,P,P,P,P,P,P,P,P,P,P,P
180,1527.23,213.408,1504.579,22.651,A,YUSAF,10.9,0.0,0.0,0.0,0,22,,,,,NQ,,,L16,,,,,,,,P,P,P,P,P,P,P,P,P,P,P,P,P,P,P,P,P,P,P,P,P,P
181,1522.226,214.944,1503.334,18.892,B,ALDERSON,10.9,0.0,0.0,0.0,0,22,,,,,,,,,,,L16,,,,,P,P,P,P,P,P,P,P,P,P,P,P,P,P,P,P,P,P,P,P,P,P
182,1509.358,297.5,1501.404,7.955,B,CHRISTIE,10.9,0.0,0.0,0.0,0,22,,,,NQ,,,,,,,,,,,,P,P,P,P,P,P,P,P,P,P,P,P,P,P,P,P,P,P,P,P,P,P
183,1521.322,339.952,1505.813,15.51,B,DOVGYY,10.9,0.0,0.0,0.0,1,17,,,,,,,,NQ,NQ,,,,,,NQ,,,,,NQ,P,P,P,P,P,P,P,P,P,P,P,P,P,P,P,P,P
184,1510.481,297.5,1501.572,8.909,B,HARRISON,10.9,0.0,0.0,0.0,0,22,,,,,,,,,,,NQ,,,,,P,P,P,P,P,P,P,P,P,P,P,P,P,P,P,P,P,P,P,P,P,P
185,1516.144,337.875,1503.228,12.917,B,JONES,10.9,0.0,0.0,0.0,0,22,,NQ,,,,,,NQ,,,,,,,,P,P,P,P,P,P,P,P,P,P,P,P,P,P,P,P,P,P,P,P,P,P
186,1510.481,297.5,1501.572,8.909,B,WANG,10.9,0.0,0.0,0.0,0,22,,,,,,,,,,,,,,NQ,,P,P,P,P,P,P,P,P,P,P,P,P,P,P,P,P,P,P,P,P,P,P
187,1532.266,191.422,1506.221,26.045,C,BALLINGALL,10.9,0.0,0.0,0.0,0,20,,,,,,,,,,,,,NQ,NQ,NQ,NQ,NQ,P,P,P,P,P,P,P,P,P,P,P,P,P,P,P,P,P,P,P,P
188,1509.358,297.5,1501.404,7.955,C,CHRISTIE,10.9,0.0,0.0,0.0,0,22,,,,NQ,,,,,,,,,,,,P,P,P,P,P,P,P,P,P,P,P,P,P,P,P,P,P,P,P,P,P,P
189,1510.481,297.5,1501.572,8.909,C,FAIRBANKS-SMITH,10.9,0.0,0.0,0.0,0,22,,,,,NQ,,,,,,,,,,,P,P,P,P,P,P,P,P,P,P,P,P,P,P,P,P,P,P,P,P,P,P
190,1509.358,297.5,1501.404,7.955,C,LYLE,10.9,0.0,0.0,0.0,0,22,,,,NQ,,,,,,,,,,,,P,P,P,P,P,P,P,P,P,P,P,P,P,P,P,P,P,P,P,P,P,P
191,1509.358,297.5,1501.404,7.955,C,LYONS,10.9,0.0,0.0,0.0,0,22,,,,,,,,,,,,,NQ,,,P,P,P,P,P,P,P,P,P,P,P,P,P,P,P,P,P,P,P,P,P,P
192,1509.358,297.5,1501.404,7.955,C,MELLOR,10.9,0.0,0.0,0.0,0,22,NQ,,,,,,,,,,,,,,,P,P,P,P,P,P,P,P,P,P,P,P,P,P,P,P,P,P,P,P,P,P
193,1509.358,297.5,1501.404,7.955,C,PLEWS,10.9,0.0,0.0,0.0,0,22,,,,,,,,,,,,,NQ,,,P,P,P,P,P,P,P,P,P,P,P,P,P,P,P,P,P,P,P,P,P,P
194,1527.235,233.922,1506.507,20.728,C,RENNIE,10.9,0.0,0.0,0.0,0,22,,,,NQ,NQ,NQ,,NQ,,,NQ,,,,,P,P,P,P,P,P,P,P,P,P,P,P,P,P,P,P,P,P,P,P,P,P
195,1531.351,181.397,1505.417,25.934,C,SELF,10.9,0.0,0.0,0.0,0,22,NQ,L16,,,,,,,,,,,,,,P,P,P,P,P,P,P,P,P,P,P,P,P,P,P,P,P,P,P,P,P,P
196,1510.481,297.5,1501.572,8.909,C,SHAWCROSS,10.9,0.0,0.0,0.0,0,22,,NQ,,,,,,,,,,,,,,P,P,P,P,P,P,P,P,P,P,P,P,P,P,P,P,P,P,P,P,P,P
197,1510.481,297.5,1501.572,8.909,C,STOCKS,10.9,0.0,0.0,0.0,0,22,,,,,,,,,,,NQ,,,,,P,P,P,P,P,P,P,P,P,P,P,P,P,P,P,P,P,P,P,P,P,P
198,1517.413,295.375,1502.928,14.485,C,WHEELER,10.9,0.0,0.0,0.0,0,22,,,,,,,,,NQ,,NQ,,,,,P,P,P,P,P,P,P,P,P,P,P,P,P,P,P,P,P,P,P,P,P,P
199,1510.481,297.5,1501.572,8.909,D,ARWAS,10.9,0.0,0.0,0.0,0,22,,NQ,,,,,,,,,,,,,,P,P,P,P,P,P,P,P,P,P,P,P,P,P,P,P,P,P,P,P,P,P
200,1510.481,297.5,1501.572,8.909,D,COOPER,10.9,0.0,0.0,0.0,0,20,,,,,,,,,,,,,,,,,NQ,P,P,P,P,P,P,P,P,P,P,P,P,P,P,P,P,P,P,P,P
201,1573.618,120.0,1523.114,50.504,D,FOSTER,10.9,0.0,0.0,0.0,0,22,QF,,QF,,QF,SF,,SF,NQ,QF,L16,,,,,P,P,P,P,P,P,P,P,P,P,P,P,P,P,P,P,P,P,P,P,P,P
202,1523.252,213.408,1503.929,19.322,D,LEACH,10.9,0.0,0.0,0.0,0,22,NQ,,,QF,,,,,,,,,,,,P,P,P,P,P,P,P,P,P,P,P,P,P,P,P,P,P,P,P,P,P,P
203,1510.481,297.5,1501.572,8.909,D,LIGHT,10.9,0.0,0.0,0.0,0,22,,,,,,,,NQ,,,,,,,,P,P,P,P,P,P,P,P,P,P,P,P,P,P,P,P,P,P,P,P,P,P
204,1518.831,182.702,1502.825,16.006,D,ORCHARD,10.9,0.0,0.0,0.0,0,22,,,,,,,,,,,,,SF,,,P,P,P,P,P,P,P,P,P,P,P,P,P,P,P,P,P,P,P,P,P,P
205,1515.518,295.375,1502.769,12.749,D,PATEL,10.9,0.0,0.0,0.0,0,22,,,NQ,,,,,,,,,,,,,P,P,P,P,P,P,P,P,P,P,P,P,P,P,P,P,P,P,P,P,P,P
206,1510.481,297.5,1501.572,8.909,D,STEPHENS,10.9,0.0,0.0,0.0,0,22,,NQ,,,,,,,,,,,,,,P,P,P,P,P,P,P,P,P,P,P,P,P,P,P,P,P,P,P,P,P,P
207,1573.952,120.0,1521.83,52.121,E,ROSE,10.9,0.0,0.0,0.0,0,22,QF,QF,,SF,L16,QF,QF,,SF,SF,QF,,,,,P,P,P,P,P,P,P,P,P,P,P,P,P,P,P,P,P,P,P,P,P,P
208,1514.435,337.875,1502.885,11.55,F,ADAIR,10.9,0.0,0.0,0.0,0,22,NQ,,,,,,NQ,,,,,,,,,P,P,P,P,P,P,P,P,P,P,P,P,P,P,P,P,P,P,P,P,P,P
209,1510.481,297.5,1501.572,8.909,F,COLQUHOUN,10.9,0.0,0.0,0.0,0,22,,,,,NQ,,,,,,,,,,,P,P,P,P,P,P,P,P,P,P,P,P,P,P,P,P,P,P,P,P,P,P
210,1509.358,297.5,1501.404,7.955,F,EARLAM,10.9,0.0,0.0,0.0,0,22,NQ,,,,,,,,,,,,,,,P,P,P,P,P,P,P,P,P,P,P,P,P,P,P,P,P,P,P,P,P,P
211,1510.481,297.5,1501.572,8.909,F,IMRIE,10.9,0.0,0.0,0.0,0,22,,NQ,,,,,,,,,,,,,,P,P,P,P,P,P,P,P,P,P,P,P,P,P,P,P,P,P,P,P,P,P
212,1509.358,297.5,1501.404,7.955,F,WATT,10.9,0.0,0.0,0.0,0,22,,,,,,,,,,,,,NQ,,,P,P,P,P,P,P,P,P,P,P,P,P,P,P,P,P,P,P,P,P,P,P
213,1541.476,168.668,1511.682,29.794,G,CHAPMAN,10.9,0.0,0.0,0.0,0,20,,,,,,,,NQ,,,,,,L16,,,L16,P,P,P,P,P,P,P,P,P,P,P,P,P,P,P,P,P,P,P,P
214,1515.518,295.375,1502.769,12.749,G,GARRETT,10.9,0.0,0.0,0.0,0,21,,,,,,,,,,,,,NQ,,,NQ,P,P,P,P,P,P,P,P,P,P,P,P,P,P,P,P,P,P,P,P,P
215,1536.682,144.5,1511.041,25.641,G,HOSKINS,10.9,0.0,0.0,0.0,0,22,,L16,,,L16,,NQ,L16,,,NQ,,,,,P,P,P,P,P,P,P,P,P,P,P,P,P,P,P,P,P,P,P,P,P,P
216,1523.583,223.897,1505.041,18.543,G,LEWIS,10.9,0.0,0.0,0.0,0,22,NQ,,,QF,,,NQ,,,,,,,,,P,P,P,P,P,P,P,P,P,P,P,P,P,P,P,P,P,P,P,P,P,P
217,1510.481,297.5,1501.572,8.909,G,LINFIELD,10.9,0.0,0.0,0.0,0,22,,,,,,,,,,,,,,NQ,,P,P,P,P,P,P,P,P,P,P,P,P,P,P,P,P,P,P,P,P,P,P
218,1515.518,295.375,1502.769,12.749,G,PANAYI,10.9,0.0,0.0,0.0,0,22,NQ,,,NQ,,,,,,,,,,,,P,P,P,P,P,P,P,P,P,P,P,P,P,P,P,P,P,P,P,P,P,P
219,1521.902,257.444,1504.043,17.859,H,BROMLEY-DAVENPORT,10.9,0.0,0.0,0.0,0,22,NQ,,,,,,,,,,,,,,,P,P,P,P,P,P,P,P,P,P,P,P,P,P,P,P,P,P,P,P,P,P
220,1510.481,297.5,1501.572,8.909,H,CAMPBELL,10.9,0.0,0.0,0.0,0,22,,,,,NQ,,,,,,,,,,,P,P,P,P,P,P,P,P,P,P,P,P,P,P,P,P,P,P,P,P,P,P
221,1523.442,292.033,1505.578,17.864,H,FLOWERS,10.9,0.0,0.0,0.0,0,22,NQ,,,NQ,,,NQ,,,,,,,,,P,P,P,P,P,P,P,P,P,P,P,P,P,P,P,P,P,P,P,P,P,P
222,1509.358,297.5,1501.404,7.955,H,HARDMAN,10.9,0.0,0.0,0.0,0,22,,,,,,,,,,,,,NQ,,,P,P,P,P,P,P,P,P,P,P,P,P,P,P,P,P,P,P,P,P,P,P
223,1528.38,237.575,1513.52,14.86,H,LEWIS,10.9,0.0,0.0,0.0,0,19,QF,L16,,NQ,QF,,,,,,,,NQ,,,,,NQ,P,P,P,P,P,P,P,P,P,P,P,P,P,P,P,P,P,P,P
224,1540.138,176.96,1509.71,30.428,H,RAVI,10.9,0.0,0.0,0.0,0,19,,,,,,,,,,,,,,NQ,NQ,,L16,NQ,P,P,P,P,P,P,P,P,P,P,P,P,P,P,P,P,P,P,P
225,1509.358,297.5,1501.404,7.955,H,THISTLETHWAYTE,10.9,0.0,0.0,0.0,0,22,,,,,,,,,,,,,NQ,,,P,P,P,P,P,P,P,P,P,P,P,P,P,P,P,P,P,P,P,P,P,P
226,1525.289,292.033,1505.89,19.4,H,TURNBULL,10.9,0.0,0.0,0.0,0,22,,NQ,,,NQ,,,,,,,,,,,P,P,P,P,P,P,P,P,P,P,P,P,P,P,P,P,P,P,P,P,P,P
227,1509.358,297.5,1501.404,7.955,H,WINTOUR,10.9,0.0,0.0,0.0,0,21,,,,,,,,,,,,,,,,NQ,P,P,P,P,P,P,P,P,P,P,P,P,P,P,P,P,P,P,P,P,P
228,1517.413,295.375,1502.928,14.485,I,KIDD,10.9,0.0,0.0,0.0,0,20,,,,,,,,,,,,,,,NQ,,NQ,P,P,P,P,P,P,P,P,P,P,P,P,P,P,P,P,P,P,P,P
229,1510.481,297.5,1501.572,8.909,I,MORGAN,10.9,0.0,0.0,0.0,0,22,,,,,NQ,,,,,,,,,,,P,P,P,P,P,P,P,P,P,P,P,P,P,P,P,P,P,P,P,P,P,P
230,1532.165,181.397,1505.484,26.681,I,WAGLAND,10.9,0.0,0.0,0.0,0,22,,NQ,,NQ,L16,,,,,,,,,,,P,P,P,P,P,P,P,P,P,P,P,P,P,P,P,P,P,P,P,P,P,P
231,1533.166,135.107,1509.374,23.792,J,ABBOTT,10.9,0.0,0.0,0.0,0,22,,QF,QF,,L16,,,,,,L16,,,,,P,P,P,P,P,P,P,P,P,P,P,P,P,P,P,P,P,P,P,P,P,P
232,1521.375,214.944,1503.206,18.169,J,BETTS,10.9,0.0,0.0,0.0,0,22,,,,,L16,,,,,,,,,,,P,P,P,P,P,P,P,P,P,P,P,P,P,P,P,P,P,P,P,P,P,P
233,1517.568,252.875,1502.805,14.762,J,CAPSTICK-DALE,10.9,0.0,0.0,0.0,0,22,,,,,,,NQ,NQ,,,,,,,,P,P,P,P,P,P,P,P,P,P,P,P,P,P,P,P,P,P,P,P,P,P
234,1509.358,297.5,1501.404,7.955,J,DORAN,10.9,0.0,0.0,0.0,0,22,NQ,,,,,,,,,,,,,,,P,P,P,P,P,P,P,P,P,P,P,P,P,P,P,P,P,P,P,P,P,P
235,1520.328,266.397,1505.708,14.62,J,FLOWERS,10.9,0.0,0.0,0.0,0,22,,L16,,,,,,,NQ,,,,,,,P,P,P,P,P,P,P,P,P,P,P,P,P,P,P,P,P,P,P,P,P,P
236,1509.358,297.5,1501.404,7.955,J,HOLROYD,10.9,0.0,0.0,0.0,0,22,,,,NQ,,,,,,,,,,,,P,P,P,P,P,P,P,P,P,P,P,P,P,P,P,P,P,P,P,P,P,P
237,1509.358,297.5,1501.404,7.955,J,HUMES,10.9,0.0,0.0,0.0,0,22,,,,,,,NQ,,,,,,,,,P,P,P,P,P,P,P,P,P,P,P,P,P,P,P,P,P,P,P,P,P,P
238,1512.636,340.0,1502.901,9.736,J,HUTCHESON,10.9,0.0,0.0,0.0,0,22,,,,,,,,,,,,NQ,,,,P,P,P,P,P,P,P,P,P,P,P,P,P,P,P,P,P,P,P,P,P,P
239,1510.481,297.5,1501.572,8.909,J,HUTTER,10.9,0.0,0.0,0.0,0,22,,NQ,,,,,,,,,,,,,,P,P,P,P,P,P,P,P,P,P,P,P,P,P,P,P,P,P,P,P,P,P
240,1520.566,340.0,1507.799,12.768,J,LAWRENCE,10.9,0.0,0.0,0.0,0,22,,,NQ,,,,,,,,,,NQ,,,P,P,P,P,P,P,P,P,P,P,P,P,P,P,P,P,P,P,P,P,P,P
241,1541.018,120.0,1509.922,31.096,J,LEFORT,10.9,0.0,0.0,0.0,0,22,,L16,NQ,,L16,,,,,,,,,,,P,P,P,P,P,P,P,P,P,P,P,P,P,P,P,P,P,P,P,P,P,P
242,1510.481,297.5,1501.572,8.909,J,MOORE,10.9,0.0,0.0,0.0,0,22,,,,,,,,,,,,,,NQ,,P,P,P,P,P,P,P,P,P,P,P,P,P,P,P,P,P,P,P,P,P,P
243,1529.212,120.0,1505.974,23.239,J,O'NEILL,10.9,0.0,0.0,0.0,0,22,,,QF,,,,,,NQ,,,,,,,P,P,P,P,P,P,P,P,P,P,P,P,P,P,P,P,P,P,P,P,P,P
244,1510.481,297.5,1501.572,8.909,J,PARHAM,10.9,0.0,0.0,0.0,0,22,,,,,,,,,,,NQ,,,,,P,P,P,P,P,P,P,P,P,P,P,P,P,P,P,P,P,P,P,P,P,P
245,1541.326,167.842,1511.059,30.267,J,PATEL,10.9,0.0,0.0,0.0,0,20,,QF,,,NQ,,,,NQ,,,NQ,,,,,QF,P,P,P,P,P,P,P,P,P,P,P,P,P,P,P,P,P,P,P,P
246,1517.413,295.375,1502.928,14.485,J,SAUNDERS,10.9,0.0,0.0,0.0,0,22,,NQ,,,,,,,,,,,,,,P,P,P,P,P,P,P,P,P,P,P,P,P,P,P,P,P,P,P,P,P,P
247,1516.144,337.875,1503.228,12.917,J,STALEY,10.9,0.0,0.0,0.0,0,22,,,,,,,,NQ,,,,,,NQ,,P,P,P,P,P,P,P,P,P,P,P,P,P,P,P,P,P,P,P,P,P,P
248,1509.358,297.5,1501.404,7.955,J,WELLER,10.9,0.0,0.0,0.0,0,22,,,,,,NQ,,,,,,,,,,P,P,P,P,P,P,P,P,P,P,P,P,P,P,P,P,P,P,P,P,P,P
249,1515.518,295.375,1502.769,12.749,J,ZAZA,10.9,0.0,0.0,0.0,0,21,,,,,,,,,,,,,NQ,,,NQ,P,P,P,P,P,P,P,P,P,P,P,P,P,P,P,P,P,P,P,P,P
250,1550.918,120.0,1512.549,38.368,K,NWUBA,10.9,0.0,0.0,0.0,0,22,,,,,NQ,NQ,NQ,NQ,QF,NQ,L16,,NQ,L16,,P,P,P,P,P,P,P,P,P,P,P,P,P,P,P,P,P,P,P,P,P,P
251,1535.832,218.873,1506.866,28.966,K,WALTON,10.9,0.0,0.0,0.0,0,22,,,,,,NQ,,,,,NQ,QF,NQ,,,P,P,P,P,P,P,P,P,P,P,P,P,P,P,P,P,P,P,P,P,P,P
252,1519.796,214.944,1502.969,16.827,L,MACLEAN,10.9,0.0,0.0,0.0,0,21,,,,,,,,,,,,,,,,QF,P,P,P,P,P,P,P,P,P,P,P,P,P,P,P,P,P,P,P,P,P
253,1521.264,214.944,1503.19,18.074,M,BASSOT,10.9,0.0,0.0,0.0,0,20,,,,,,,,,,,,,,,,,L16,P,P,P,P,P,P,P,P,P,P,P,P,P,P,P,P,P,P,P,P
254,1509.358,297.5,1501.404,7.955,M,BEARD,10.9,0.0,0.0,0.0,0,19,,,,,,,,,,,,,,,,,,NQ,P,P,P,P,P,P,P,P,P,P,P,P,P,P,P,P,P,P,P
255,1510.481,297.5,1501.572,8.909,M,BROOKES,10.9,0.0,0.0,0.0,0,22,,,,,NQ,,,,,,,,,,,P,P,P,P,P,P,P,P,P,P,P,P,P,P,P,P,P,P,P,P,P,P
256,1510.481,297.5,1501.572,8.909,M,CAPSTICK-DALE,10.9,0.0,0.0,0.0,0,22,,,,,,,,NQ,,,,,,,,P,P,P,P,P,P,P,P,P,P,P,P,P,P,P,P,P,P,P,P,P,P
257,1514.435,337.875,1502.885,11.55,M,CHANRAI,10.9,0.0,0.0,0.0,0,22,,,NQ,,,,,,,,,,,,,P,P,P,P,P,P,P,P,P,P,P,P,P,P,P,P,P,P,P,P,P,P
258,1510.481,297.5,1501.572,8.909,M,HOLDSWORTH,10.9,0.0,0.0,0.0,0,22,,,,,,,,NQ,,,,,,,,P,P,P,P,P,P,P,P,P,P,P,P,P,P,P,P,P,P,P,P,P,P
259,1519.726,293.569,1504.108,15.618,M,HULSE,10.9,0.0,0.0,0.0,0,22,NQ,,,NQ,,,NQ,,,,,,,,,P,P,P,P,P,P,P,P,P,P,P,P,P,P,P,P,P,P,P,P,P,P
260,1509.358,297.5,1501.404,7.955,M,LEWIN,10.9,0.0,0.0,0.0,0,19,,,,,,,,,,,,,,,,,,NQ,P,P,P,P,P,P,P,P,P,P,P,P,P,P,P,P,P,P,P
261,1509.358,297.5,1501.404,7.955,M,LI,10.9,0.0,0.0,0.0,0,21,,,,,,,,,,,,,,,,NQ,P,P,P,P,P,P,P,P,P,P,P,P,P,P,P,P,P,P,P,P,P
262,1509.358,297.5,1501.404,7.955,M,MORRIS,10.9,0.0,0.0,0.0,0,22,,,,,,,,,,,,,NQ,,,P,P,P,P,P,P,P,P,P,P,P,P,P,P,P,P,P,P,P,P,P,P
263,1514.435,337.875,1502.885,11.55,M,MOSTAFAVI,10.9,0.0,0.0,0.0,0,22,,,NQ,,,,,,,,,,,,,P,P,P,P,P,P,P,P,P,P,P,P,P,P,P,P,P,P,P,P,P,P
264,1515.518,295.375,1502.769,12.749,M,PRITCHARD,10.9,0.0,0.0,0.0,0,22,NQ,,,,,,,,,,,,,,,P,P,P,P,P,P,P,P,P,P,P,P,P,P,P,P,P,P,P,P,P,P
265,1510.481,297.5,1501.572,8.909,M,ROWSE,10.9,0.0,0.0,0.0,0,22,,,,,,,,,,,NQ,,,,,P,P,P,P,P,P,P,P,P,P,P,P,P,P,P,P,P,P,P,P,P,P
266,1510.481,297.5,1501.572,8.909,M,SCURR,10.9,0.0,0.0,0.0,0,20,,,,,,,,,,,,,,,,,NQ,P,P,P,P,P,P,P,P,P,P,P,P,P,P,P,P,P,P,P,P
267,1517.413,295.375,1502.928,14.485,M,SKJOTT,10.9,0.0,0.0,0.0,0,22,,NQ,,,,,,,,,,,,,,P,P,P,P,P,P,P,P,P,P,P,P,P,P,P,P,P,P,P,P,P,P
268,1515.518,295.375,1502.769,12.749,M,WINTLE,10.9,0.0,0.0,0.0,0,22,,,NQ,,,,,,,,,,,,,P,P,P,P,P,P,P,P,P,P,P,P,P,P,P,P,P,P,P,P,P,P
269,1518.951,214.944,1502.843,16.109,N,ADDY,10.9,0.0,0.0,0.0,0,22,,,,,,,,,,,,,,,QF,P,P,P,P,P,P,P,P,P,P,P,P,P,P,P,P,P,P,P,P,P,P
270,1531.725,201.45,1513.928,17.797,N,BUNYAN,10.9,0.0,0.0,0.0,0,21,,NQ,NQ,NQ,NQ,,QF,,,,,,NQ,,,NQ,P,P,P,P,P,P,P,P,P,P,P,P,P,P,P,P,P,P,P,P,P
271,1517.351,295.375,1503.097,14.254,N,COX,10.9,0.0,0.0,0.0,0,22,,NQ,,,,,,,,,,,,,,P,P,P,P,P,P,P,P,P,P,P,P,P,P,P,P,P,P,P,P,P,P
272,1517.351,295.375,1503.097,14.254,N,GILL,10.9,0.0,0.0,0.0,0,20,,,,,,,,,,,,,,NQ,,,NQ,P,P,P,P,P,P,P,P,P,P,P,P,P,P,P,P,P,P,P,P
273,1509.358,297.5,1501.404,7.955,N,PEARCE,10.9,0.0,0.0,0.0,0,22,,,,NQ,,,,,,,,,,,,P,P,P,P,P,P,P,P,P,P,P,P,P,P,P,P,P,P,P,P,P,P
274,1510.481,297.5,1501.572,8.909,O,LIGHT,10.9,0.0,0.0,0.0,0,22,,,,,,,,NQ,,,,,,,,P,P,P,P,P,P,P,P,P,P,P,P,P,P,P,P,P,P,P,P,P,P
275,1510.481,297.5,1501.572,8.909,O,ROWSE,10.9,0.0,0.0,0.0,0,22,,,,,,,,,,,NQ,,,,,P,P,P,P,P,P,P,P,P,P,P,P,P,P,P,P,P,P,P,P,P,P
276,1534.088,203.582,1507.033,27.055,O,SANDER,10.9,0.0,0.0,0.0,0,22,,,,,,,,,,,,NQ,,L16,NQ,P,P,P,P,P,P,P,P,P,P,P,P,P,P,P,P,P,P,P,P,P,P
277,1516.039,340.0,1505.677,10.362,P,BOUGHTON,10.9,0.0,0.0,0.0,0,21,,NQ,,,,,,,,,,,,,,NQ,P,P,P,P,P,P,P,P,P,P,P,P,P,P,P,P,P,P,P,P,P
278,1563.396,120.0,1514.846,48.55,P,COHEN,10.9,0.0,0.0,0.0,0,22,,L16,QF,,,,,,,,,,,,,P,P,P,P,P,P,P,P,P,P,P,P,P,P,P,P,P,P,P,P,P,P
279,1518.002,214.944,1502.7,15.302,P,SCHOLEY,10.9,0.0,0.0,0.0,0,22,,,,,,,QF,,,,,,,,,P,P,P,P,P,P,P,P,P,P,P,P,P,P,P,P,P,P,P,P,P,P
280,1510.481,297.5,1501.572,8.909,P,THOMPSON,10.9,0.0,0.0,0.0,0,20,,,,,,,,,,,,,,,,,NQ,P,P,P,P,P,P,P,P,P,P,P,P,P,P,P,P,P,P,P,P
281,1543.415,120.0,1508.262,35.153,P,WHITE,10.9,0.0,0.0,0.0,0,22,QF,L16,QF,,,,,,,,,,,,,P,P,P,P,P,P,P,P,P,P,P,P,P,P,P,P,P,P,P,P,P,P
282,1515.922,295.375,1502.937,12.985,P,WORTH,10.9,0.0,0.0,0.0,0,22,,NQ,,,,,,,,,,,,,,P,P,P,P,P,P,P,P,P,P,P,P,P,P,P,P,P,P,P,P,P,P
283,1518.929,214.944,1502.839,16.09,R,BRYAN,10.9,0.0,0.0,0.0,0,22,,L16,,,,,,,,,,,,,,P,P,P,P,P,P,P,P,P,P,P,P,P,P,P,P,P,P,P,P,P,P
284,1527.786,218.827,1505.15,22.636,R,MALIK,10.9,0.0,0.0,0.0,0,22,NQ,,NQ,NQ,NQ,,,,,,,,,,,P,P,P,P,P,P,P,P,P,P,P,P,P,P,P,P,P,P,P,P,P,P
285,1509.358,297.5,1501.404,7.955,R,ORCHARD,10.9,0.0,0.0,0.0,0,22,,,,,,,,,,,,,NQ,,,P,P,P,P,P,P,P,P,P,P,P,P,P,P,P,P,P,P,P,P,P,P
286,1517.413,295.375,1502.928,14.485,R,PATTISON,10.9,0.0,0.0,0.0,0,22,,NQ,,,,,,,,,,,,,,P,P,P,P,P,P,P,P,P,P,P,P,P,P,P,P,P,P,P,P,P,P
287,1542.215,120.0,1514.563,27.652,R,WILSON,10.9,0.0,0.0,0.0,0,22,NQ,QF,QF,,L16,,,,,,L16,NQ,,,,P,P,P,P,P,P,P,P,P,P,P,P,P,P,P,P,P,P,P,P,P,P
288,1517.351,295.375,1503.097,14.254,S,CASS,10.9,0.0,0.0,0.0,0,20,,,,,,,,,,,,,,NQ,,,NQ,P,P,P,P,P,P,P,P,P,P,P,P,P,P,P,P,P,P,P,P
289,1520.539,308.897,1506.124,14.415,S,CHAPMAN,10.9,0.0,0.0,0.0,0,20,,,,,NQ,,,L16,,,,,,,,,NQ,P,P,P,P,P,P,P,P,P,P,P,P,P,P,P,P,P,P,P,P
290,1517.165,295.375,1502.929,14.236,S,CHRISTOPHER,10.9,0.0,0.0,0.0,0,22,,NQ,,NQ,,,,,,,,,,,,P,P,P,P,P,P,P,P,P,P,P,P,P,P,P,P,P,P,P,P,P,P
291,1510.481,297.5,1501.572,8.909,S,CLARK,10.9,0.0,0.0,0.0,0,22,,NQ,,,,,,,,,,,,,,P,P,P,P,P,P,P,P,P,P,P,P,P,P,P,P,P,P,P,P,P,P
292,1515.518,295.375,1502.769,12.749,S,COTTY,10.9,0.0,0.0,0.0,0,22,,,,,,,NQ,,,NQ,,,,,,P,P,P,P,P,P,P,P,P,P,P,P,P,P,P,P,P,P,P,P,P,P
293,1509.358,297.5,1501.404,7.955,S,GANAPATHI,10.9,0.0,0.0,0.0,0,22,,,,NQ,,,,,,,,,,,,P,P,P,P,P,P,P,P,P,P,P,P,P,P,P,P,P,P,P,P,P,P
294,1509.358,297.5,1501.404,7.955,S,GUPTA,10.9,0.0,0.0,0.0,0,21,,,,,,,,,,,,,,,,NQ,P,P,P,P,P,P,P,P,P,P,P,P,P,P,P,P,P,P,P,P,P
295,1514.476,337.875,1503.053,11.422,S,KELLY,10.9,0.0,0.0,0.0,0,22,,,,,,,,NQ,,,,,,,NQ,P,P,P,P,P,P,P,P,P,P,P,P,P,P,P,P,P,P,P,P,P,P
296,1520.532,214.944,1503.08,17.453,S,LITTLE,10.9,0.0,0.0,0.0,0,22,,,,,L16,,,,,,,,,,,P,P,P,P,P,P,P,P,P,P,P,P,P,P,P,P,P,P,P,P,P,P
297,1510.481,297.5,1501.572,8.909,S,PATEL,10.9,0.0,0.0,0.0,0,22,,NQ,,,,,,,,,,,,,,P,P,P,P,P,P,P,P,P,P,P,P,P,P,P,P,P,P,P,P,P,P
298,1509.358,297.5,1501.404,7.955,S,UJOODIA,10.9,0.0,0.0,0.0,0,22,,,,,,,,,,,,,NQ,,,P,P,P,P,P,P,P,P,P,P,P,P,P,P,P,P,P,P,P,P,P,P
299,1517.351,295.375,1503.097,14.254,S,WOOLFRIES,10.9,0.0,0.0,0.0,0,22,,NQ,,,,,,,,,,,,,,P,P,P,P,P,P,P,P,P,P,P,P,P,P,P,P,P,P,P,P,P,P
300,1525.129,255.908,1505.367,19.761,S,YICK,10.9,0.0,0.0,0.0,0,22,,,,NQ,,,NQ,,NQ,,NQ,,,,,P,P,P,P,P,P,P,P,P,P,P,P,P,P,P,P,P,P,P,P,P,P
301,1519.796,214.944,1502.969,16.827,SA,BALAJI,10.9,0.0,0.0,0.0,0,21,,,,,,,,,,,,,,,,QF,P,P,P,P,P,P,P,P,P,P,P,P,P,P,P,P,P,P,P,P,P
302,1517.165,295.375,1502.929,14.236,SU,BALAJI,10.9,0.0,0.0,0.0,0,22,,,,,,,,,,,NQ,,NQ,,,P,P,P,P,P,P,P,P,P,P,P,P,P,P,P,P,P,P,P,P,P,P
303,1519.726,293.569,1504.108,15.618,T,BREESE,10.9,0.0,0.0,0.0,0,22,NQ,,,NQ,,,NQ,,,,,,,,,P,P,P,P,P,P,P,P,P,P,P,P,P,P,P,P,P,P,P,P,P,P
304,1515.518,295.375,1502.769,12.749,T,BROMLEY-DAVENPORT,10.9,0.0,0.0,0.0,0,21,,,,,,,,,,,,,NQ,,,NQ,P,P,P,P,P,P,P,P,P,P,P,P,P,P,P,P,P,P,P,P,P
305,1517.522,252.875,1502.819,14.703,T,FLETCHER,10.9,0.0,0.0,0.0,0,22,,,,,,,,NQ,NQ,,,,,,,P,P,P,P,P,P,P,P,P,P,P,P,P,P,P,P,P,P,P,P,P,P
306,1509.358,297.5,1501.404,7.955,T,HUSSELBEE,10.9,0.0,0.0,0.0,0,22,NQ,,,,,,,,,,,,,,,P,P,P,P,P,P,P,P,P,P,P,P,P,P,P,P,P,P,P,P,P,P
307,1529.281,242.81,1506.116,23.165,T,KIRKBY,10.9,0.0,0.0,0.0,0,20,,,,,,,NQ,,,,NQ,,,,,,L16,P,P,P,P,P,P,P,P,P,P,P,P,P,P,P,P,P,P,P,P
308,1510.481,297.5,1501.572,8.909,T,THURNHAM,10.9,0.0,0.0,0.0,0,20,,,,,,,,,,,,,,,,,NQ,P,P,P,P,P,P,P,P,P,P,P,P,P,P,P,P,P,P,P,P
309,1525.636,182.702,1504.016,21.62,T,WELD,10.9,0.0,0.0,0.0,0,22,,,,,,,NQ,L16,,,,,,,,P,P,P,P,P,P,P,P,P,P,P,P,P,P,P,P,P,P,P,P,P,P
310,1510.481,297.5,1501.572,8.909,T,WELT,10.9,0.0,0.0,0.0,0,22,,,,,NQ,,,,,,,,,,,P,P,P,P,P,P,P,P,P,P,P,P,P,P,P,P,P,P,P,P,P,P
311,1515.518,295.375,1502.769,12.749,TIM,FLETCHER,10.9,0.0,0.0,0.0,0,22,NQ,,,NQ,,,,,,,,,,,,P,P,P,P,P,P,P,P,P,P,P,P,P,P,P,P,P,P,P,P,P,P
312,1520.33,251.069,1503.998,16.332,TOM,FLETCHER,10.9,0.0,0.0,0.0,0,22,NQ,,,NQ,,NQ,,,,,,,,,,P,P,P,P,P,P,P,P,P,P,P,P,P,P,P,P,P,P,P,P,P,P
313,1509.358,297.5,1501.404,7.955,V,SHETTY,10.9,0.0,0.0,0.0,0,22,,,,,,,,,,,,,NQ,,,P,P,P,P,P,P,P,P,P,P,P,P,P,P,P,P,P,P,P,P,P,P
314,1509.358,297.5,1501.404,7.955,W,CAREW,10.9,0.0,0.0,0.0,0,22,,,,,,,,,,,,,NQ,,,P,P,P,P,P,P,P,P,P,P,P,P,P,P,P,P,P,P,P,P,P,P
315,1523.252,213.408,1503.929,19.322,W,GIBBONS,10.9,0.0,0.0,0.0,0,22,NQ,,,QF,,,,,,,,,,,,P,P,P,P,P,P,P,P,P,P,P,P,P,P,P,P,P,P,P,P,P,P
316,1518.929,214.944,1502.839,16.09,W,JONES,10.9,0.0,0.0,0.0,0,22,,L16,,,,,,,,,,,,,,P,P,P,P,P,P,P,P,P,P,P,P,P,P,P,P,P,P,P,P,P,P
317,1509.358,297.5,1501.404,7.955,W,REID,10.9,0.0,0.0,0.0,0,22,,,,,,,,,NQ,,,,,,,P,P,P,P,P,P,P,P,P,P,P,P,P,P,P,P,P,P,P,P,P,P
318,1513.403,340.0,1504.262,9.141,A,TANSEY,10.850000000000001,0.0,0.0,0.0,1,15,,,NQ,,,,,,,,,,,,,,,,,,,NQ,P,P,P,P,P,P,P,P,P,P,P,P,P,P,P
319,1509.358,297.5,1501.404,7.955,B,WARE,10.850000000000001,0.0,0.0,0.0,1,15,,,,,,,,,,,,,,,,,,,,,,NQ,P,P,P,P,P,P,P,P,P,P,P,P,P,P,P
320,1509.358,297.5,1501.404,7.955,D,SCHOFIELD,10.850000000000001,0.0,0.0,0.0,1,15,,,,,,,,,,,,,,,,,,,,,,NQ,P,P,P,P,P,P,P,P,P,P,P,P,P,P,P
321,1509.358,297.5,1501.404,7.955,F,MCDONALD-BROWN,10.850000000000001,0.0,0.0,0.0,1,15,,,,,,,,,,,,,,,,,,,,,,NQ,P,P,P,P,P,P,P,P,P,P,P,P,P,P,P
322,1509.358,297.5,1501.404,7.955,G,POOK,10.850000000000001,0.0,0.0,0.0,1,15,,,,,,,,,,,,,,,,,,,,,,NQ,P,P,P,P,P,P,P,P,P,P,P,P,P,P,P
323,1509.358,297.5,1501.404,7.955,I,UJOODIA,10.850000000000001,0.0,0.0,0.0,1,15,,,,,,,,,,,,,,,,,,,,,,NQ,P,P,P,P,P,P,P,P,P,P,P,P,P,P,P
324,1509.358,297.5,1501.404,7.955,J,FRASER-ANDREWS,10.850000000000001,0.0,0.0,0.0,1,15,,,,,,,,,,,,,,,,,,,,,,NQ,P,P,P,P,P,P,P,P,P,P,P,P,P,P,P
325,1509.358,297.5,1501.404,7.955,J,REYNOLDS,10.850000000000001,0.0,0.0,0.0,1,15,,,,,,,,,,,,,,,,,,,,,,NQ,P,P,P,P,P,P,P,P,P,P,P,P,P,P,P
326,1509.358,297.5,1501.404,7.955,M,BEVANS,10.850000000000001,0.0,0.0,0.0,1,15,,,,,,,,,,,,,,,,,,,,,,NQ,P,P,P,P,P,P,P,P,P,P,P,P,P,P,P
327,1509.358,297.5,1501.404,7.955,M,CHIBBER,10.850000000000001,0.0,0.0,0.0,1,15,,,,,,,,,,,,,,,,,,,,,,NQ,P,P,P,P,P,P,P,P,P,P,P,P,P,P,P
328,1509.358,297.5,1501.404,7.955,M,JOHNSON,10.850000000000001,0.0,0.0,0.0,1,15,,,,,,,,,,,,,,,,,,,,,,NQ,P,P,P,P,P,P,P,P,P,P,P,P,P,P,P
329,1509.358,297.5,1501.404,7.955,M,MAINWARING,10.850000000000001,0.0,0.0,0.0,1,15,,,,,,,,,,,,,,,,,,,,,,NQ,P,P,P,P,P,P,P,P,P,P,P,P,P,P,P
330,1534.335,187.0,1517.843,16.493,GUY,WILLIAMS,10.8,0.0,0.0,0.0,1,16,NQ,,,QF,L16,,,L16,,QF,L16,,QF,,,,,,,,NQ,P,P,P,P,P,P,P,P,P,P,P,P,P,P,P,P
331,1514.244,340.0,1504.715,9.529,M,ASQUITH,10.8,0.0,0.0,0.0,1,16,,,,,NQ,,,,,,,,,,,,,,,,NQ,P,P,P,P,P,P,P,P,P,P,P,P,P,P,P,P
332,1524.204,251.069,1504.29,19.914,F,BARON,10.7,0.0,0.0,0.0,3,7,,,,,,,,,,,,,,,,,,,,,,,,,,,NQ,P,NQ,NQ,P,P,P,P,P,P,P
333,1514.435,337.875,1502.885,11.55,S,MOTALA-EVANS,10.7,0.0,0.0,0.0,2,5,,,,,,,,,,,,,,,,,,,,,,,,,,NQ,P,P,P,P,P,NQ,P,P,P,P,P
334,1515.623,340.0,1504.56,11.063,P,ROPER,10.600000000000001,0.0,0.0,0.0,1,14,,,,,,,,L16,,,,,,,,,,,,,,,NQ,P,P,P,P,P,P,P,P,P,P,P,P,P,P
335,1510.481,297.5,1501.572,8.909,W,HOWARD,10.600000000000001,0.0,0.0,0.0,1,14,,,,,,,,,,,,,,,,,,,,,,,NQ,P,P,P,P,P,P,P,P,P,P,P,P,P,P
336,1515.518,295.375,1502.769,12.749,E,CLARK,10.55,0.0,0.0,0.0,2,8,,,,,,,,,,,,,,,,,,,,,,,,,,NQ,P,P,NQ,P,P,P,P,P,P,P,P
337,1515.518,295.375,1502.769,12.749,G,BRADSHAW,10.55,0.0,0.0,0.0,2,8,,,,,,,,,,,,,,,,,,,,,,,,,,NQ,P,P,NQ,P,P,P,P,P,P,P,P
338,1515.518,295.375,1502.769,12.749,G,HUGHES,10.55,0.0,0.0,0.0,2,8,,,,,,,,,,,,,,,,,,,,,,,,,,NQ,P,P,NQ,P,P,P,P,P,P,P,P
339,1515.518,295.375,1502.769,12.749,J,CREWS,10.55,0.0,0.0,0.0,2,8,,,,,,,,,,,,,,,,,,,,,,,,,,NQ,P,P,NQ,P,P,P,P,P,P,P,P
340,1510.481,297.5,1501.572,8.909,C,DAVEY,10.5,0.0,0.0,0.0,1,13,,,,,,,,,,,,,,,,,,,,,,,,NQ,P,P,P,P,P,P,P,P,P,P,P,P,P
341,1515.623,252.875,1502.66,12.963,L,VANHAESEBROECK,10.399999999999999,0.0,0.0,0.0,2,9,,,,,,,,,,,,,,,,,,,,,,,,,,NQ,P,NQ,P,P,P,P,P,P,P,P,P
342,1522.084,293.569,1504.261,17.823,G,STANHOPE,10.3,0.0,0.0,0.0,3,4,,,,,,,,,,,,,,,,,,,,,,,,,,,,NQ,P,P,NQ,P,NQ,P,P,P,P
343,1519.726,293.569,1504.108,15.618,M,QUINN,10.2,0.0,0.0,0.0,3,2,,,,,,,,,,,,,,,,,,,,,,,,,,,,,NQ,P,P,NQ,P,P,NQ,P,P
344,1524.264,251.069,1504.12,20.143,C,GRAVILLE,10.149999999999999,0.0,0.0,0.0,3,7,,,,,,,,,,,,,,,,,,,,,,,,,,,,NQ,NQ,NQ,P,P,P,P,P,P,P
345,1509.358,297.5,1501.404,7.955,H,DEQUETTEVILLE,10.1,0.0,0.0,0.0,1,12,,,,,,,,,,,,,,,,,,,,,,,,,NQ,P,P,P,P,P,P,P,P,P,P,P,P
346,1512.19,340.0,1502.903,9.287,T,LETHBRIDGE,10.1,0.0,0.0,0.0,1,12,,,,,,,,,,,,NQ,,,,,,,,,,,,,NQ,P,P,P,P,P,P,P,P,P,P,P,P
347,1517.351,295.375,1503.097,14.254,E,GARFIELD-OSEN,10.0,0.0,0.0,0.0,2,7,,,,,,,,,,,,,,,,,,,,,,,,,,,NQ,P,P,NQ,P,P,P,P,P,P,P
348,1509.358,297.5,1501.404,7.955,A,CLARK,9.85,0.0,0.0,0.0,1,11,,,,,,,,,,,,,,,,,,,,,,,,,,NQ,P,P,P,P,P,P,P,P,P,P,P
349,1509.358,297.5,1501.404,7.955,B,ANWAR,9.85,0.0,0.0,0.0,1,11,,,,,,,,,,,,,,,,,,,,,,,,,,NQ,P,P,P,P,P,P,P,P,P,P,P
350,1509.358,297.5,1501.404,7.955,E,CLUTTON,9.85,0.0,0.0,0.0,1,11,,,,,,,,,,,,,,,,,,,,,,,,,,NQ,P,P,P,P,P,P,P,P,P,P,P
351,1509.358,297.5,1501.404,7.955,M,BALY,9.85,0.0,0.0,0.0,1,11,,,,,,,,,,,,,,,,,,,,,,,,,,NQ,P,P,P,P,P,P,P,P,P,P,P
352,1518.944,340.0,1509.366,9.578,M,YATES,9.85,0.0,0.0,0.0,1,11,NQ,L16,,NQ,,,QF,,,NQ,,,,,,,,,,,,,,,,NQ,P,P,P,P,P,P,P,P,P,P,P
353,1509.358,297.5,1501.404,7.955,W,TATE,9.85,0.0,0.0,0.0,1,11,,,,,,,,,,,,,,,,,,,,,,,,,,NQ,P,P,P,P,P,P,P,P,P,P,P
354,1525.91,255.908,1505.486,20.425,A,PHILLIPS,9.649999999999999,0.0,0.0,0.0,4,1,,,,,,,,,,,,,,,,,,,,,,,,,,,,,,,NQ,NQ,NQ,P,P,NQ,P
355,1515.518,295.375,1502.769,12.749,R,SWALLOW,9.45,0.0,0.0,0.0,2,6,,,,,,,,,,,,,,,,,,,,,,,,,,,,NQ,P,P,NQ,P,P,P,P,P,P
356,1510.481,297.5,1501.572,8.909,A,WHITE,9.3,0.0,0.0,0.0,1,10,,,,,,,,,,,,,,,,,,,,,,,,,,,NQ,P,P,P,P,P,P,P,P,P,P
357,1510.481,297.5,1501.572,8.909,J,ARTIS,9.3,0.0,0.0,0.0,1,10,,,,,,,,,,,,,,,,,,,,,,,,,,,NQ,P,P,P,P,P,P,P,P,P,P
358,1510.481,297.5,1501.572,8.909,R,UNIACKE,9.3,0.0,0.0,0.0,1,10,,,,,,,,,,,,,,,,,,,,,,,,,,,NQ,P,P,P,P,P,P,P,P,P,P
359,1515.518,295.375,1502.769,12.749,W,WOODS,9.2,0.0,0.0,0.0,2,5,,,,,,,,,,,,,,,,,,,,,,,,,,,,,NQ,P,P,NQ,P,P,P,P,P
360,1522.526,293.569,1504.093,18.433,V,KASSARDJIAN,8.8,0.0,0.0,0.0,3,2,,,,,,,,,,,,,,,,,,,,,,,,,,,,,,,NQ,P,P,NQ,NQ,P,P
361,1509.358,297.5,1501.404,7.955,M,GORE,8.75,0.0,0.0,0.0,1,9,,,,,,,,,,,,,,,,,,,,,,,,,,,,NQ,P,P,P,P,P,P,P,P,P
362,1509.358,297.5,1501.404,7.955,N,HIGGINS,8.75,0.0,0.0,0.0,1,9,,,,,,,,,,,,,,,,,,,,,,,,,,,,NQ,P,P,P,P,P,P,P,P,P
363,1516.144,337.875,1503.228,12.917,T,LEACH,8.649999999999999,0.0,0.0,0.0,2,1,,,,,,,,,,,,,,,,,,,,,,,,,,,,,,NQ,P,P,P,P,P,NQ,P
364,1509.358,297.5,1501.404,7.955,A,ANOOP,8.35,0.0,0.0,0.0,1,8,,,,,,,,,,,,,,,,,,,,,,,,,,,,,NQ,P,P,P,P,P,P,P,P
365,1509.358,297.5,1501.404,7.955,A,LEWIS,8.35,0.0,0.0,0.0,1,8,,,,,,,,,,,,,,,,,,,,,,,,,,,,,NQ,P,P,P,P,P,P,P,P
366,1509.358,297.5,1501.404,7.955,C,MCMICHAEL,8.35,0.0,0.0,0.0,1,8,,,,,,,,,,,,,,,,,,,,,,,,,,,,,NQ,P,P,P,P,P,P,P,P
367,1509.358,297.5,1501.404,7.955,J,HOME,8.35,0.0,0.0,0.0,1,8,,,,,,,,,,,,,,,,,,,,,,,,,,,,,NQ,P,P,P,P,P,P,P,P
368,1509.358,297.5,1501.404,7.955,M,TSIOUPINI,8.35,0.0,0.0,0.0,1,8,,,,,,,,,,,,,,,,,,,,,,,,,,,,,NQ,P,P,P,P,P,P,P,P
369,1509.358,297.5,1501.404,7.955,S,SHETTY,8.35,0.0,0.0,0.0,1,8,,,,,,,,,,,,,,,,,,,,,,,,,,,,,NQ,P,P,P,P,P,P,P,P
370,1509.358,297.5,1501.404,7.955,T,WHITEHEAD,8.35,0.0,0.0,0.0,1,8,,,,,,,,,,,,,,,,,,,,,,,,,,,,,NQ,P,P,P,P,P,P,P,P
371,1516.124,337.875,1503.059,13.064,M,DAVIS,7.949999999999999,0.0,0.0,0.0,2,1,,,,,,,,,,,,,,,,,,,,,,,,,,,,,,,NQ,P,P,P,P,NQ,P
372,1517.413,295.375,1502.928,14.485,A,ANDERSON,7.8,0.0,0.0,0.0,2,4,,,,,,,,,,,,,,,,,,,,,,,,,,,,,,,NQ,P,NQ,P,P,P,P
373,1517.265,295.375,1502.76,14.505,E,GOSNELL,7.8,0.0,0.0,0.0,2,5,,,,,,,,,,,,,,,,,,,,,,,,,,,,,,,NQ,NQ,P,P,P,P,P
374,1517.265,295.375,1502.76,14.505,H,GARDNER,7.8,0.0,0.0,0.0,2,5,,,,,,,,,,,,,,,,,,,,,,,,,,,,,,,NQ,NQ,P,P,P,P,P
375,1514.247,340.0,1504.571,9.676,A,CONSTANTINE,7.65,0.0,0.0,0.0,1,7,,,,,,NQ,,,,,,,,,,,,,,,,,,,,,,,,NQ,P,P,P,P,P,P,P
376,1510.481,297.5,1501.572,8.909,B,BRIGGS,7.65,0.0,0.0,0.0,1,7,,,,,,,,,,,,,,,,,,,,,,,,,,,,,,NQ,P,P,P,P,P,P,P
377,1510.481,297.5,1501.572,8.909,C,MICHAELS,7.65,0.0,0.0,0.0,1,7,,,,,,,,,,,,,,,,,,,,,,,,,,,,,,NQ,P,P,P,P,P,P,P
378,1510.481,297.5,1501.572,8.909,J,GREENHOUSE,7.65,0.0,0.0,0.0,1,7,,,,,,,,,,,,,,,,,,,,,,,,,,,,,,NQ,P,P,P,P,P,P,P
379,1510.481,297.5,1501.572,8.909,SAAJAN,SHAH,7.65,0.0,0.0,0.0,1,7,,,,,,,,,,,,,,,,,,,,,,,,,,,,,,NQ,P,P,P,P,P,P,P
380,1522.571,340.0,1512.16,10.411,W,BETTS,7.65,0.0,0.0,0.0,1,7,,NQ,,,L16,,,L16,,,NQ,NQ,,,,,,,,,,,,,,,,,,NQ,P,P,P,P,P,P,P
381,1515.518,295.375,1502.769,12.749,A,SAPOZHENKO,7.3999999999999995,0.0,0.0,0.0,2,2,,,,,,,,,,,,,,,,,,,,,,,,,,,,,,,,NQ,P,P,NQ,P,P
382,1515.518,295.375,1502.769,12.749,G,BATTERSBY,7.3999999999999995,0.0,0.0,0.0,2,2,,,,,,,,,,,,,,,,,,,,,,,,,,,,,,,,NQ,P,P,NQ,P,P
383,1515.518,295.375,1502.769,12.749,L,HURSTHOUSE,7.3999999999999995,0.0,0.0,0.0,2,2,,,,,,,,,,,,,,,,,,,,,,,,,,,,,,,,NQ,P,P,NQ,P,P
384,1515.518,295.375,1502.769,12.749,M,DRAPER,7.3999999999999995,0.0,0.0,0.0,2,2,,,,,,,,,,,,,,,,,,,,,,,,,,,,,,,,NQ,P,P,NQ,P,P
385,1509.358,297.5,1501.404,7.955,F,LEBON,6.949999999999999,0.0,0.0,0.0,1,6,,,,,,,,,,,,,,,,,,,,,,,,,,,,,,,NQ,P,P,P,P,P,P
386,1519.496,340.0,1509.373,10.123,I,HUTCHINSON,6.949999999999999,0.0,0.0,0.0,1,6,,,,,,,,,,,SF,,,QF,,,,,,,,,,,,,,,,,NQ,P,P,P,P,P,P
387,1509.358,297.5,1501.404,7.955,V,BALLINGAL,6.949999999999999,0.0,0.0,0.0,1,6,,,,,,,,,,,,,,,,,,,,,,,,,,,,,,,NQ,P,P,P,P,P,P
388,1524.264,251.069,1504.12,20.143,H,ETHERINGTON,6.7,0.0,0.0,0.0,3,1,,,,,,,,,,,,,,,,,,,,,,,,,,,,,,,,,,NQ,NQ,NQ,P
389,1517.351,295.375,1503.097,14.254,L,DRUMMOND,6.55,0.0,0.0,0.0,2,1,,,,,,,,,,,,,,,,,,,,,,,,,,,,,,,,,NQ,P,P,NQ,P
390,1509.358,297.5,1501.404,7.955,A,AKANDA,6.4,0.0,0.0,0.0,1,5,,,,,,,,,,,,,,,,,,,,,,,,,,,,,,,,NQ,P,P,P,P,P
391,1509.358,297.5,1501.404,7.955,D,MCLOUGHLIN,6.4,0.0,0.0,0.0,1,5,,,,,,,,,,,,,,,,,,,,,,,,,,,,,,,,NQ,P,P,P,P,P
392,1509.358,297.5,1501.404,7.955,G,HOLLIDAY,6.4,0.0,0.0,0.0,1,5,,,,,,,,,,,,,,,,,,,,,,,,,,,,,,,,NQ,P,P,P,P,P
393,1509.358,297.5,1501.404,7.955,O,PARTON,6.4,0.0,0.0,0.0,1,5,,,,,,,,,,,,,,,,,,,,,,,,,,,,,,,,NQ,P,P,P,P,P
394,1510.481,297.5,1501.572,8.909,D,FRANCIS,5.55,0.0,0.0,0.0,1,4,,,,,,,,,,,,,,,,,,,,,,,,,,,,,,,,,NQ,P,P,P,P
395,1510.481,297.5,1501.572,8.909,F,MANDERSON-HARKIN,5.55,0.0,0.0,0.0,1,4,,,,,,,,,,,,,,,,,,,,,,,,,,,,,,,,,NQ,P,P,P,P
396,1510.481,297.5,1501.572,8.909,H,BARMA,5.55,0.0,0.0,0.0,1,4,,,,,,,,,,,,,,,,,,,,,,,,,,,,,,,,,NQ,P,P,P,P
397,1510.481,297.5,1501.572,8.909,O,MEREDITH,5.55,0.0,0.0,0.0,1,4,,,,,,,,,,,,,,,,,,,,,,,,,,,,,,,,,NQ,P,P,P,P
398,1517.568,252.875,1502.805,14.762,K,BHAVSAR,5.0,0.0,0.0,0.0,2,1,,,,,,,,,,,,,,,,,,,,,,,,,,,,,,,,,,,NQ,NQ,P
399,1517.568,252.875,1502.805,14.762,L,WHITNALL,5.0,0.0,0.0,0.0,2,1,,,,,,,,,,,,,,,,,,,,,,,,,,,,,,,,,,,NQ,NQ,P
400,1517.568,252.875,1502.805,14.762,O,RUSHTON,5.0,0.0,0.0,0.0,2,1,,,,,,,,,,,,,,,,,,,,,,,,,,,,,,,,,,,NQ,NQ,P
401,1509.358,297.5,1501.404,7.955,A,SHETTY,4.0,0.0,0.0,0.0,1,2,,,,,,,,,,,,,,,,,,,,,,,,,,,,,,,,,,,NQ,P,P
402,1509.358,297.5,1501.404,7.955,B,ADENUGBA,4.0,0.0,0.0,0.0,1,2,,,,,,,,,,,,,,,,,,,,,,,,,,,,,,,,,,,NQ,P,P
403,1509.358,297.5,1501.404,7.955,C,DINMORE,4.0,0.0,0.0,0.0,1,2,,,,,,,,,,,,,,,,,,,,,,,,,,,,,,,,,,,NQ,P,P
404,1509.358,297.5,1501.404,7.955,F,OGILBY,4.0,0.0,0.0,0.0,1,2,,,,,,,,,,,,,,,,,,,,,,,,,,,,,,,,,,,NQ,P,P
405,1509.358,297.5,1501.404,7.955,I,SIMMONS,4.0,0.0,0.0,0.0,1,2,,,,,,,,,,,,,,,,,,,,,,,,,,,,,,,,,,,NQ,P,P
406,1509.358,297.5,1501.404,7.955,L,MALANAPHY,4.0,0.0,0.0,0.0,1,2,,,,,,,,,,,,,,,,,,,,,,,,,,,,,,,,,,,NQ,P,P
407,1518.97,340.0,1509.774,9.196,M,PUGH,4.0,0.0,0.0,0.0,1,2,,,,,,NQ,,NQ,,NQ,,,NQ,L16,,,,,,,,,,,,,,,,,,,,,NQ,P,P
408,1509.358,297.5,1501.404,7.955,M,TOMBLIN,4.0,0.0,0.0,0.0,1,2,,,,,,,,,,,,,,,,,,,,,,,,,,,,,,,,,,,NQ,P,P
409,1509.358,297.5,1501.404,7.955,P,GRIFFITHS,4.0,0.0,0.0,0.0,1,2,,,,,,,,,,,,,,,,,,,,,,,,,,,,,,,,,,,NQ,P,P
410,1510.481,297.5,1501.572,8.909,C,TYE,3.0,0.0,0.0,0.0,1,1,,,,,,,,,,,,,,,,,,,,,,,,,,,,,,,,,,,,NQ,P
411,1510.481,297.5,1501.572,8.909,J,LEVINSON,3.0,0.0,0.0,0.0,1,1,,,,,,,,,,,,,,,,,,,,,,,,,,,,,,,,,,,,NQ,P
412,1510.481,297.5,1501.572,8.909,J,POULARD,3.0,0.0,0.0,0.0,1,1,,,,,,,,,,,,,,,,,,,,,,,,,,,,,,,,,,,,NQ,P
413,1510.481,297.5,1501.572,8.909,J,ROBB,3.0,0.0,0.0,0.0,1,1,,,,,,,,,,,,,,,,,,,,,,,,,,,,,,,,,,,,NQ,P
414,1510.481,297.5,1501.572,8.909,J,TYE,3.0,0.0,0.0,0.0,1,1,,,,,,,,,,,,,,,,,,,,,,,,,,,,,,,,,,,,NQ,P
415,1510.481,297.5,1501.572,8.909,JACK,HOPKINS,3.0,0.0,0.0,0.0,1,1,,,,,,,,,,,,,,,,,,,,,,,,,,,,,,,,,,,,NQ,P
416,1510.481,297.5,1501.572,8.909,T,SEELY,3.0,0.0,0.0,0.0,1,1,,,,,,,,,,,,,,,,,,,,,,,,,,,,,,,,,,,,NQ,P
