Initial,Surname,13 N,13 K,13 L,14 N,14 K,14 L,15 N,15 K,15 L,16 N,16 K,16 L,17 N,17 K,17 L,18 N,18 K,18 L,19 N,19 K,19 L,20 N,20 K,21 K,21 L,22 N,22 K,22 L,23 N,23 K,23 L,24 N,24 K,24 L,25 N,25 K,25 L,RPA,POSS,Played,MissedLast,PC,PC2,RANK,RANK2,RANK3
R,HOULDEN,,NQ,,,NQ,NQ,,QF,QF,QF,,SF,SF,SF,QF,F,F,F,F,F,W,F,SF,F,W,W,F,W,W,F,W,W,W,W,F,W,W,121.575,127.5,19,0,95.3529411764706,95.3529411764706,1.0,1.0,1
H,YOUNG,,,,,,,,,,,,,,,,,,NQ,NQ,L16,QF,SF,QF,SF,SF,F,SF,W,W,F,W,W,W,W,F,W,W,110.5,120.05,19,0,92.04498125780924,92.04498125780924,2.0,2.0,2
T,DUNBAR,W,W,W,W,W,W,W,W,W,W,W,W,,W,W,W,W,W,W,W,F,W,W,W,QF,P,W,F,SF,W,P,F,F,F,W,F,SF,97.315,112.0,17,0,86.88839285714286,86.88839285714286,3.0,3.0,3
S,COOLEY,W,W,W,W,W,W,W,W,W,W,W,W,SF,W,W,W,W,W,W,W,F,W,W,W,QF,QF,W,F,SF,W,P,F,F,P,W,F,P,86.965,100.1,16,1,86.87812187812189,86.87812187812189,4.0,4.0,4
J,TOOP,SF,SF,,F,F,F,F,F,F,F,F,F,W,F,F,SF,SF,SF,P,P,SF,QF,F,SF,F,SF,SF,SF,F,QF,SF,SF,SF,P,SF,SF,P,63.224999999999994,87.5,15,1,72.25714285714285,72.25714285714285,6.0,5.0,5
N,CAPLIN,,NQ,,,,NQ,,,,,,,,,,,,NQ,P,L16,QF,SF,QF,SF,SF,F,SF,QF,SF,SF,QF,QF,SF,SF,SF,P,P,53.239999999999995,78.79999999999998,16,2,67.56345177664976,67.56345177664976,7.0,6.0,6
M,WISEMAN,,,SF,F,F,F,F,F,,,F,F,,F,F,,,,,,,,F,SF,P,P,P,P,P,QF,P,P,SF,P,P,SF,P,28.895000000000003,43.5,5,1,66.42528735632185,66.42528735632185,8.0,7.0,7
E,TAYLOR,SF,,SF,,SF,SF,,SF,,QF,SF,,QF,SF,,,QF,QF,SF,SF,SF,QF,QF,QF,P,P,QF,NQ,SF,SF,QF,QF,SF,SF,SF,QF,P,47.86,73.25,16,1,65.33788395904436,65.33788395904436,9.0,8.0,8
S,TAILOR,,QF,,,NQ,QF,,QF,NQ,,QF,QF,,QF,NQ,,QF,QF,P,SF,P,P,QF,QF,SF,P,P,QF,P,P,SF,SF,QF,P,QF,SF,F,41.75,63.89999999999999,11,0,65.33646322378718,65.33646322378718,10.0,9.0,9
C,PLUMMER,,,,,,,,,,,,NQ,,L16,,,NQ,NQ,P,L16,P,P,L16,P,P,P,L16,P,P,L16,SF,SF,QF,QF,QF,SF,F,39.169999999999995,61.75,11,0,63.43319838056679,63.43319838056679,11.0,10.0,10
H,WISEMAN,SF,SF,,QF,SF,SF,QF,SF,QF,QF,L16,,W,L16,,SF,SF,P,QF,QF,P,QF,L16,L16,F,SF,QF,P,F,QF,P,SF,L16,P,NQ,L16,P,29.69,50.3,14,1,59.025844930417506,59.025844930417506,13.0,11.0,11
R,PERRIE,QF,QF,SF,SF,QF,QF,SF,QF,SF,SF,SF,SF,F,L16,NQ,,,SF,P,QF,QF,P,SF,L16,QF,P,P,P,P,QF,P,P,L16,SF,P,QF,QF,23.9,43.45,10,0,55.00575373993095,55.00575373993095,14.0,12.0,12
V,BHIMJIYANI,,L16,NQ,,L16,QF,,QF,,,QF,QF,,QF,NQ,,QF,P,P,P,SF,P,P,P,SF,P,QF,QF,P,L16,QF,P,QF,QF,P,QF,QF,26.74,48.8,10,0,54.79508196721311,54.79508196721311,15.0,13.0,13
S,WELTI,NQ,L16,,NQ,L16,,,,NQ,,NQ,,QF,,,,,NQ,SF,P,P,QF,P,P,P,QF,P,QF,QF,QF,QF,QF,QF,P,QF,QF,P,28.599999999999998,52.45,11,1,54.52812202097235,54.52812202097235,16.0,14.0,14
C,HUGHES,,,,NQ,NQ,,SF,L16,QF,NQ,L16,NQ,QF,,QF,,L16,NQ,QF,QF,NQ,P,P,P,P,QF,P,QF,QF,QF,P,QF,QF,P,P,QF,P,23.089999999999996,43.3,10,1,53.325635103926096,53.325635103926096,17.0,15.0,15
A,ABRAHAMS,,,,,,,,,,,,,,NQ,NQ,,NQ,NQ,NQ,P,NQ,NQ,L16,L16,P,NQ,P,QF,QF,L16,NQ,QF,QF,QF,QF,QF,QF,27.909999999999997,54.349999999999994,16,0,51.352345906163755,51.352345906163755,19.0,16.0,16
J,PEMBERTON,,,,,,,,,,,,,,,,,,,,,,,,L16,P,P,P,P,P,L16,QF,P,P,SF,P,QF,QF,17.32,34.849999999999994,6,0,49.698708751793404,49.698708751793404,20.0,17.0,17
T,MCCAHON,,,,,,,,,,,,,,,,,NQ,NQ,NQ,L16,NQ,NQ,L16,QF,QF,SF,L16,P,P,P,P,P,P,P,QF,L16,QF,16.1,35.7,12,0,45.09803921568628,45.09803921568628,22.0,18.0,18
G,WISEMAN,,,,,,,,,,,,,,,,QF,P,P,P,NQ,P,NQ,NQ,L16,P,NQ,L16,NQ,NQ,L16,QF,QF,L16,P,P,L16,SF,16.85,38.55,14,0,43.70946822308691,43.70946822308691,23.0,19.0,19
L,BROCK,QF,QF,QF,SF,L16,QF,QF,L16,SF,SF,QF,SF,SF,SF,QF,,QF,QF,QF,P,P,QF,L16,QF,QF,SF,P,P,P,P,NQ,P,P,P,QF,L16,P,12.85,30.75,9,1,41.788617886178855,41.788617886178855,24.0,20.0,20
P,SATHIYAMOORTHY,,,,,,,,,,,,,,,,NQ,P,NQ,NQ,NQ,NQ,NQ,P,P,NQ,P,QF,P,P,P,P,QF,L16,NQ,P,P,SF,12.530000000000001,30.35,10,0,41.28500823723229,41.28500823723229,25.0,21.0,21
A,AGARWAL,,,,,,,,,,,,,,,,,,,,,,,,,,,,,NQ,P,P,P,P,P,SF,L16,P,7.2,18.35,3,1,39.237057220708444,39.237057220708444,27.0,22.0,22
L,LLOYD-JONES,,,,,,,NQ,,,NQ,,,,,,,,,,,,,,,,,,,,,,NQ,P,P,NQ,QF,P,5.6,14.399999999999999,3,1,38.88888888888889,38.88888888888889,28.0,23.0,23
B,MERRETT,,,,,,,,,,,NQ,,,,,,,,,,NQ,P,L16,NQ,P,P,P,P,NQ,P,NQ,QF,P,QF,QF,L16,P,10.6,29.85,9,1,35.5108877721943,35.5108877721943,30.0,24.0,24
H,GIBSON-LEITAO,,,,,,,,,,,,,,,NQ,,,NQ,P,P,P,P,P,P,QF,QF,L16,P,P,P,P,P,P,P,P,P,QF,6.95,22.3,4,0,31.16591928251121,31.16591928251121,34.0,25.0,25
F,PRICKETT,,,,,,,,,,,,,,,,,,,,,NQ,P,P,P,QF,P,P,NQ,P,P,NQ,P,L16,NQ,P,L16,QF,7.9,25.450000000000003,8,0,31.041257367387033,31.041257367387033,35.0,26.0,26
AR,BHATTACHARYA,,,NQ,,NQ,,,,,,,,,,,NQ,NQ,P,P,L16,QF,P,P,L16,P,P,L16,P,P,L16,P,P,L16,P,NQ,L16,NQ,7.5,24.2,9,0,30.991735537190085,30.991735537190085,36.0,27.0,27
J,ALSTER,,NQ,,,,,,,,,,,,,,,,,,,,,,,,,,,,,NQ,P,L16,NQ,P,L16,P,3.7,13.350000000000001,4,1,27.715355805243448,27.715355805243448,38.0,28.0,28
J,PRIOR,,,,,,NQ,,,,,NQ,,,NQ,,QF,NQ,P,P,P,P,NQ,P,L16,P,P,L16,NQ,P,L16,P,P,P,P,P,L16,P,5.300000000000001,19.65,6,1,26.972010178117056,26.972010178117056,39.0,29.0,29
I,WEAVER,,,,,,,,,,,,,,,,NQ,P,P,NQ,P,P,NQ,P,P,P,P,P,P,P,P,P,P,P,P,P,L16,QF,5.0,19.25,4,0,25.97402597402597,25.97402597402597,42.0,30.0,30
A,VINEN,,,,,,,,,,,,,,,,,,,,,,,,,,,,,,NQ,NQ,P,L16,NQ,P,L16,P,3.7,14.75,5,1,25.08474576271186,25.08474576271186,43.0,31.0,31
AB,BHATTACHARYA,NQ,,NQ,NQ,NQ,,,L16,,,,,,,,NQ,NQ,NQ,P,L16,QF,P,P,L16,P,NQ,P,NQ,P,P,NQ,P,L16,NQ,NQ,L16,NQ,5.0,23.1,11,0,21.645021645021643,21.645021645021643,48.0,32.0,32
E,SCOONES,,,,,,,,,,,,NQ,,,NQ,NQ,NQ,NQ,NQ,NQ,NQ,NQ,NQ,NQ,NQ,NQ,NQ,NQ,NQ,NQ,P,P,L16,NQ,NQ,L16,P,3.7,22.95,16,1,16.122004357298476,16.122004357298476,54.0,33.0,33
A,FIELD,,,,,,,,,,,,,,,,,,,,,,,,,,,,,,NQ,P,P,L16,P,P,NQ,P,1.7,11.2,3,1,15.17857142857143,15.17857142857143,57.0,34.0,34
T,ARJARIA,,,,,,,,,,,,,,,,,,,,,,,,,,,,,NQ,P,P,NQ,P,P,NQ,L16,P,2.0,13.2,4,1,15.151515151515152,15.151515151515152,58.0,35.0,35
E,HABERSHON,,,,,,,,,,,,,,,,,,NQ,P,P,P,P,P,P,P,P,L16,P,NQ,P,P,P,P,P,P,NQ,P,1.1,14.250000000000002,3,1,7.719298245614034,7.719298245614034,83.0,36.0,36
A,MORRIS,NQ,NQ,,NQ,NQ,,,NQ,,,,,,,,,,,NQ,P,P,NQ,P,L16,P,NQ,P,P,P,P,P,NQ,P,P,NQ,P,P,0.8,14.85,6,2,5.3872053872053876,5.3872053872053876,89.0,37.0,37
C,COOLEY,,,NQ,,NQ,NQ,,NQ,NQ,,NQ,NQ,,NQ,,NQ,NQ,NQ,NQ,NQ,P,NQ,L16,NQ,NQ,NQ,NQ,NQ,P,NQ,NQ,P,NQ,P,P,NQ,P,0.5,17.8,13,1,2.8089887640449436,2.8089887640449436,92.0,38.0,38
K,HIRD,,,NQ,,NQ,NQ,NQ,NQ,NQ,,NQ,NQ,,NQ,NQ,NQ,NQ,NQ,NQ,NQ,NQ,NQ,L16,NQ,NQ,NQ,NQ,NQ,P,NQ,NQ,P,NQ,NQ,P,NQ,P,0.5,18.75,15,1,2.666666666666667,2.666666666666667,93.0,39.0,39
J,HO,,,,,L16,QF,,QF,,,QF,QF,,SF,SF,F,F,F,F,F,W,F,SF,F,W,W,F,SF,P,SF,F,P,QF,F,P,P,P,56.615,72.4,14,3,78.1975138121547,0.0781975138121547,5.0,40.0,40
J,HOPKINS,,,,,,,,NQ,,,,,,,,,,,,,,,,,,,,SF,P,SF,F,P,QF,P,P,P,P,19.939999999999998,32.0,4,4,62.31249999999999,0.06231249999999999,12.0,41.0,41
T,BARKER,,,,,,NQ,,QF,QF,,L16,,,,,,NQ,SF,P,QF,SF,P,L16,P,P,P,SF,SF,P,QF,SF,P,P,P,P,P,P,17.28,32.75,7,6,52.76335877862596,0.05276335877862596,18.0,42.0,42
D,INGRAM,,,,,,,,,,,,,,,,,,,,,,,,,,,,,,,,,,,NQ,P,SF,5.2,11.0,2,0,47.27272727272727,0.04727272727272727,21.0,43.0,43
R,TYLER,,SF,,,QF,,QF,,QF,NQ,L16,QF,,L16,NQ,,L16,P,P,P,P,P,P,QF,NQ,QF,QF,NQ,QF,L16,NQ,P,P,QF,P,P,P,13.02,31.799999999999997,9,3,40.943396226415096,0.040943396226415095,26.0,44.0,44
A,THEODOSSI,QF,QF,SF,SF,QF,QF,SF,QF,SF,SF,SF,SF,F,L16,QF,,,SF,QF,QF,QF,P,SF,NQ,P,P,P,P,P,QF,P,P,P,P,P,P,P,7.4799999999999995,20.650000000000002,6,7,36.22276029055689,0.03622276029055689,29.0,45.0,45
W,SISSONS,,,,,,,,,,,,,,,,NQ,P,P,NQ,P,P,QF,P,L16,P,QF,P,QF,QF,L16,P,P,P,P,P,P,P,8.350000000000001,24.549999999999997,7,7,34.01221995926681,0.03401221995926681,31.0,46.0,46
SAHIL,SHAH,,,,,,,,,,,,,,,NQ,,NQ,NQ,P,P,P,P,P,QF,QF,P,L16,NQ,QF,L16,NQ,P,P,P,P,P,P,8.04,24.2,7,6,33.22314049586777,0.03322314049586777,32.0,47.0,47
T,GALLAGHER,,,,,NQ,NQ,NQ,NQ,F,F,L16,QF,NQ,L16,,,,,,,,,,,,,QF,P,P,P,P,P,P,P,P,L16,P,5.08,15.6,2,1,32.56410256410256,0.03256410256410256,33.0,48.0,48
C,KOKSAL,,,,,,,,,,,,,,,,,L16,NQ,NQ,L16,NQ,P,L16,NQ,NQ,P,QF,NQ,QF,L16,NQ,P,P,P,P,P,P,7.279999999999999,23.65,11,6,30.782241014799155,0.030782241014799153,37.0,49.0,49
B,HART,NQ,,,,,,,,,,,,,,,,,,,,,,,,,,,,,L16,P,P,L16,P,P,P,P,3.0999999999999996,11.6,2,4,26.72413793103448,0.02672413793103448,40.0,50.0,50
J,MARKS,,,,,,QF,,QF,,,QF,QF,,L16,QF,,L16,QF,P,L16,QF,P,L16,L16,NQ,P,P,NQ,P,L16,QF,P,P,P,P,P,P,5.3,20.2,8,6,26.237623762376238,0.026237623762376237,41.0,51.0,51
R,WORTH,,NQ,,QF,,,,,,QF,,,QF,QF,QF,SF,QF,QF,SF,P,P,SF,P,P,P,P,P,P,P,P,P,P,P,QF,P,P,P,4.37,17.6,3,3,24.829545454545453,0.024829545454545455,44.0,52.0,52
T,COX,,,,,,,,,,QF,L16,,QF,QF,QF,SF,QF,QF,SF,P,P,SF,P,P,P,P,P,P,P,P,P,P,P,QF,P,P,P,4.37,17.6,3,3,24.829545454545453,0.024829545454545455,44.0,52.0,53
T,COTTERELL,,,,NQ,,,,,,,,,,,,,,,NQ,P,P,P,P,P,P,P,L16,QF,P,L16,P,P,P,P,P,P,P,4.15,17.5,4,7,23.714285714285715,0.023714285714285716,46.0,54.0,54
H,BLOFIELD,NQ,,,QF,,,,,,,,,,,,,,,,,NQ,P,P,P,P,P,P,P,QF,P,QF,P,P,P,P,P,P,4.199999999999999,17.799999999999997,3,6,23.595505617977526,0.023595505617977526,47.0,55.0,55
O,DENBY,,,,,,,,,,,,,,,,,,,,,,,,,QF,NQ,P,NQ,P,P,NQ,P,P,QF,P,P,P,3.75,17.75,5,3,21.12676056338028,0.02112676056338028,49.0,56.0,56
D,ROBSON,,NQ,,QF,NQ,,,,,,,,,,,,,,,,,,,,,,L16,NQ,P,P,P,P,L16,P,P,P,P,2.8,13.5,3,4,20.74074074074074,0.02074074074074074,50.0,57.0,57
I,JOCHIM,,,,,,,,,,,,,,,,,,,NQ,P,NQ,NQ,P,P,NQ,P,QF,P,P,P,P,P,P,P,P,P,P,3.08,15.600000000000001,5,10,19.743589743589745,0.019743589743589744,51.0,58.0,58
T,WELTI,NQ,,,NQ,,,SF,,QF,NQ,L16,NQ,QF,,,,L16,NQ,P,P,P,P,P,P,P,P,P,P,P,P,P,P,P,P,QF,P,P,3.0,15.9,1,2,18.867924528301884,0.018867924528301886,52.0,59.0,59
I,SALIM,,,,,,,,,NQ,,NQ,,,,,,,,,,,,,QF,P,P,P,P,P,P,P,P,P,P,P,P,P,2.2399999999999998,12.899999999999999,1,13,17.364341085271317,0.017364341085271316,53.0,60.0,60
M,DESOUZAGIRAO,,NQ,,,,,,,,,,,,,,,,,,,NQ,P,P,QF,NQ,P,P,P,P,P,P,P,P,P,P,P,P,2.2399999999999998,14.0,3,12,15.999999999999998,0.015999999999999997,55.0,61.0,61
A,RENNIE,,,NQ,NQ,NQ,NQ,,NQ,,,,,,,NQ,,,NQ,P,L16,P,P,L16,P,P,QF,P,NQ,P,P,P,P,P,P,P,P,P,2.35,15.250000000000002,4,9,15.40983606557377,0.01540983606557377,56.0,62.0,62
G,THOMASON,QF,L16,,,QF,,,,,,,,NQ,,,,,,,QF,P,P,QF,P,P,P,P,P,P,P,P,P,P,P,P,P,P,1.96,13.25,2,14,14.79245283018868,0.01479245283018868,59.0,63.0,63
B,SWALLOW,,,,,,,,,,,,,,,,,,,,,,,,,,,,NQ,P,P,NQ,P,L16,P,P,P,P,1.7,12.0,3,4,14.166666666666666,0.014166666666666666,60.0,64.0,64
J,BLACK,,,,,NQ,,,,,,,,,,,,,NQ,P,L16,P,P,P,P,P,P,P,P,P,P,P,P,L16,P,P,P,P,1.9,13.75,2,4,13.818181818181818,0.013818181818181818,61.0,65.0,65
T,BETTS,,,,,,,,L16,,,NQ,NQ,,,,,NQ,P,P,P,P,P,P,L16,P,P,L16,P,P,P,P,P,P,P,P,P,P,1.9000000000000001,13.75,2,10,13.818181818181818,0.013818181818181818,61.0,65.0,66
S,SIMMONS,NQ,L16,,NQ,,NQ,QF,L16,,,NQ,,NQ,,,,L16,P,P,P,P,P,L16,P,P,NQ,P,P,P,L16,P,P,P,P,P,P,P,1.9,14.3,3,7,13.286713286713287,0.013286713286713287,63.0,67.0,67
T,WALTERS,,,,,,,,,,,,,QF,,,,,,QF,QF,NQ,QF,P,P,P,P,P,P,P,P,P,P,P,P,P,P,P,1.6099999999999999,13.450000000000001,4,15,11.970260223048324,0.011970260223048325,64.0,68.0,68
A,BACKHOUSE,,,,,,,,,,,,,,,,,,,,,,,QF,P,P,P,P,P,P,P,P,P,P,P,P,P,P,1.4,12.100000000000001,1,14,11.570247933884295,0.011570247933884295,65.0,69.0,69
R,WIJERATNE,,,,,,,,,,,,,,QF,,,,,,,,,QF,P,P,P,P,P,P,P,P,P,P,P,P,P,P,1.4,12.100000000000001,1,14,11.570247933884295,0.011570247933884295,65.0,69.0,70
N,SHAW,,,,,,,,,,,,,,,NQ,,L16,P,P,P,P,P,P,P,P,QF,P,P,P,P,P,P,P,NQ,P,P,P,1.6500000000000001,14.500000000000002,2,3,11.379310344827585,0.011379310344827585,67.0,71.0,71
GRANT,WILLIAMS,,,,,L16,,,L16,,,L16,,,,,,,,NQ,P,P,P,P,P,P,QF,P,P,P,P,P,NQ,P,P,P,P,P,1.6500000000000001,14.600000000000001,3,5,11.301369863013697,0.011301369863013697,68.0,72.0,72
A,CAMERON-BLACKIE,,,,,,,,,,,,,,,,,,,,,,,NQ,P,P,P,P,P,NQ,P,NQ,NQ,L16,P,P,P,P,1.7,15.4,5,4,11.03896103896104,0.01103896103896104,69.0,73.0,73
M,HUGHES,,,,,L16,,,,,,,,,,,,,,NQ,P,P,P,P,P,P,QF,P,P,NQ,P,P,NQ,P,P,P,P,P,1.6500000000000001,15.3,4,5,10.784313725490197,0.010784313725490198,70.0,74.0,74
D,MEW,,SF,,,QF,,,,QF,NQ,L16,QF,,L16,,,,,,NQ,P,P,P,P,P,P,P,P,P,L16,P,P,P,P,P,P,P,1.4,13.0,2,7,10.769230769230768,0.010769230769230769,71.0,75.0,75
C,NICHOLLS,,,,,,,,,NQ,,,,,L16,,,,,,,,,,,QF,P,P,P,P,P,P,P,P,P,P,P,P,1.2000000000000002,11.7,1,12,10.256410256410259,0.01025641025641026,72.0,76.0,76
G,NSENGA,,,,,,,,,,,,,,,,,,,,,,,,,,,L16,NQ,P,P,P,P,P,P,P,P,P,1.1,10.95,2,9,10.045662100456623,0.010045662100456623,73.0,77.0,77
J,RAVI,,NQ,,,,,,NQ,,,NQ,,,,NQ,,NQ,NQ,NQ,L16,P,P,P,P,P,P,L16,P,P,P,P,P,P,P,P,P,P,1.3,12.950000000000001,3,10,10.038610038610038,0.010038610038610039,74.0,78.0,78
A,DESHMUKH,,,,,,,,,,,,,,,,,,,,,,,,,,,L16,P,P,NQ,P,P,P,P,P,P,P,1.1,11.1,2,7,9.909909909909912,0.009909909909909911,75.0,79.0,79
S,MCLOUGHLIN,,,,,,,,,,,,,NQ,,NQ,QF,P,P,QF,L16,P,QF,P,P,P,P,P,P,P,P,P,NQ,P,P,P,P,P,1.25,13.8,4,5,9.057971014492754,0.009057971014492754,76.0,80.0,80
A,TAYLOR,,,NQ,,,,,NQ,,,,,,L16,,,L16,NQ,NQ,P,P,NQ,QF,P,P,P,P,NQ,NQ,NQ,NQ,P,P,P,P,P,P,1.4,15.649999999999999,7,6,8.945686900958465,0.008945686900958465,77.0,81.0,81
J,BARLEY,,,,,,,,,,,,,,,,,,,,,NQ,P,P,P,P,P,L16,P,P,P,P,P,P,P,P,P,P,1.1,12.450000000000001,2,10,8.835341365461847,0.008835341365461847,78.0,82.0,82
P,ASHWORTH,,,,,,,,,,,,,,,,,,,,,NQ,P,P,P,P,P,L16,P,P,P,P,P,P,P,P,P,P,1.1,12.450000000000001,2,10,8.835341365461847,0.008835341365461847,78.0,82.0,83
O,HALLAM,,,,,,,,,,,,NQ,,,,,,,,,QF,P,P,L16,NQ,P,P,P,P,P,P,P,P,P,P,P,P,1.1,12.8,3,12,8.59375,0.00859375,80.0,84.0,84
G,CAMPBELL,F,F,F,,SF,,,,,,,,,QF,SF,,SF,P,P,SF,P,P,P,P,P,P,P,P,P,P,P,P,P,P,P,P,P,0.96,12.0,1,17,8.0,0.008,81.0,85.0,85
P,DUNBAR,F,F,F,,SF,,,,,,QF,,,QF,SF,,SF,P,P,SF,P,P,P,P,P,P,P,P,P,P,P,P,P,P,P,P,P,0.96,12.0,1,17,8.0,0.008,81.0,85.0,86
N,TURNBULL,,,,,,,,,NQ,,,NQ,NQ,,,,,,NQ,L16,P,P,P,L16,P,P,P,P,NQ,NQ,P,P,P,P,P,P,P,1.0,13.899999999999999,5,7,7.194244604316548,0.007194244604316548,84.0,87.0,87
R,MACDONALD-O'BRIEN,,,,,,,,,,,,,,,,,,,,,,NQ,P,L16,P,P,P,P,P,P,P,P,P,P,P,P,P,0.8,12.05,2,13,6.639004149377594,0.006639004149377594,85.0,88.0,88
A,JOYCE,,,QF,,QF,SF,,SF,NQ,QF,L16,,,L16,SF,,QF,QF,QF,P,P,P,L16,P,P,P,P,P,P,P,P,P,P,P,P,P,P,0.8,12.15,2,14,6.584362139917696,0.006584362139917695,86.0,89.0,89
D,TAYLOR-WEST,,,,,,,,,,,,,,,,,,,,,,NQ,P,L16,P,P,P,P,P,P,P,NQ,P,P,P,P,P,0.8,12.899999999999999,3,5,6.2015503875969005,0.006201550387596901,87.0,90.0,90
M,KOVAR,,,,,,,,,,,,,,L16,,,L16,QF,P,L16,P,P,L16,P,P,P,P,P,P,P,P,P,P,P,P,P,P,0.7,11.95,2,14,5.857740585774058,0.005857740585774058,88.0,91.0,91
J,PIGGOT,,,,,,,,,,,QF,,,,,,L16,P,P,QF,P,P,P,P,P,P,P,P,P,P,P,P,P,P,P,P,P,0.5599999999999999,11.600000000000001,1,17,4.827586206896551,0.004827586206896551,90.0,92.0,92
C,AUSTIN,NQ,L16,,NQ,,NQ,,L16,,,NQ,,NQ,,,,L16,P,P,P,P,P,L16,P,P,P,P,P,P,P,P,P,P,P,P,P,P,0.5,11.65,1,14,4.291845493562231,0.004291845493562232,91.0,93.0,93
A,ASLAM-BASKEYFIELD,,,,,,,,,,,,,NQ,,NQ,QF,P,P,QF,P,P,P,P,P,P,P,P,P,P,P,P,P,P,P,P,P,P,0.30000000000000004,11.4,1,18,2.6315789473684212,0.0026315789473684214,94.0,94.0,94
W,PONSONBY,,,,,,,,,,,,,,,,,,,,L16,P,P,P,P,P,P,P,P,P,P,P,P,P,P,P,P,P,0.2,11.100000000000001,1,17,1.8018018018018018,0.0018018018018018018,95.0,95.0,95
S,KUNDU,NQ,L16,,,,,,,,,,,,,,,,NQ,P,L16,P,P,P,P,P,P,P,P,P,P,P,P,P,P,P,P,P,0.2,11.2,1,17,1.785714285714286,0.001785714285714286,96.0,96.0,96
N,CHOUSTIKOV,,,,,,,,,,,,,,,,,,,,,,,NQ,NQ,NQ,P,NQ,NQ,NQ,NQ,NQ,P,P,P,NQ,NQ,P,0.0,16.6,10,1,0.0,0.0,97.0,97.0,97
S,BURNELL,,,,,,,,,,,,NQ,NQ,NQ,NQ,,NQ,P,NQ,NQ,P,NQ,NQ,NQ,NQ,P,P,NQ,NQ,NQ,P,NQ,P,P,P,P,P,0.0,15.200000000000001,10,5,0.0,0.0,97.0,97.0,98
T,GREGORY,,,,,,NQ,,NQ,NQ,,,NQ,NQ,NQ,NQ,,NQ,P,NQ,NQ,P,NQ,NQ,NQ,NQ,P,P,NQ,NQ,NQ,P,NQ,P,P,P,P,P,0.0,15.200000000000001,10,5,0.0,0.0,97.0,97.0,99
W,THOMAS,,,,,,,,,,,,,,,,,NQ,P,P,P,P,P,NQ,P,P,P,NQ,P,NQ,NQ,NQ,P,P,P,NQ,P,P,0.0,14.8,6,2,0.0,0.0,97.0,97.0,100
O,AVERY,,,,,,,,,,,,,,,,,,,,NQ,P,P,NQ,P,P,P,NQ,NQ,P,NQ,NQ,P,P,P,P,NQ,P,0.0,14.650000000000002,7,1,0.0,0.0,97.0,97.0,101
M,CHINERY,,,,,,,,,,,,,,,,,,,,NQ,NQ,P,NQ,NQ,P,P,NQ,P,NQ,NQ,P,P,P,P,P,P,P,0.0,13.6,7,7,0.0,0.0,97.0,97.0,102
A,LUMBARD,,,,,,,,,,,,,,,NQ,NQ,NQ,NQ,NQ,P,NQ,NQ,NQ,P,P,P,P,P,P,NQ,P,P,P,P,NQ,P,P,0.0,13.3,6,2,0.0,0.0,97.0,97.0,103
V,GUDIWALA,,,,,,,,,,,,,,,,,,,,,NQ,P,NQ,P,NQ,P,P,P,P,NQ,P,P,P,P,P,NQ,P,0.0,13.149999999999999,5,1,0.0,0.0,97.0,97.0,104
M,TAVRA,,,,,,,,,,,,,,,,,,NQ,P,NQ,NQ,P,NQ,P,NQ,P,P,NQ,NQ,P,P,P,P,P,P,P,P,0.0,13.0,6,8,0.0,0.0,97.0,97.0,105
C,LUMBARD,,,,,,,,,,,,,,,,,,NQ,NQ,NQ,NQ,NQ,NQ,P,P,P,NQ,P,P,NQ,P,P,P,P,P,P,P,0.0,12.95,7,7,0.0,0.0,97.0,97.0,106
W,SEATH,,,,,,,,,,,,,,,,,,,,NQ,P,P,NQ,P,P,P,NQ,NQ,P,NQ,P,P,P,P,P,P,P,0.0,12.95,5,7,0.0,0.0,97.0,97.0,107
A,KNIGHT,,,,,,,,L16,,,,,,,,,NQ,P,P,P,P,P,NQ,P,P,P,P,P,P,NQ,P,P,P,P,P,NQ,P,0.0,12.85,3,1,0.0,0.0,97.0,97.0,108
S,THATCHER,,,,,,,,,,,,,,,,,,,,,,,,NQ,P,P,NQ,P,P,NQ,P,P,NQ,P,P,P,P,0.0,12.6,4,4,0.0,0.0,97.0,97.0,109
T,CAMPBELL,,,,,,,,,,,,,,,,,,NQ,P,P,P,P,P,P,P,P,P,P,P,P,NQ,P,P,P,P,NQ,P,0.0,12.6,2,1,0.0,0.0,97.0,97.0,110
D,REDMOND,,NQ,,,,NQ,,,,,,,,,,NQ,P,P,P,P,P,NQ,NQ,NQ,P,P,NQ,P,P,P,P,P,P,P,P,P,P,0.0,12.350000000000001,4,10,0.0,0.0,97.0,97.0,111
E,EVANS,,,,,,,,,,,,,,,,,,,NQ,P,P,NQ,P,P,P,NQ,NQ,P,P,P,P,P,P,P,P,P,P,0.0,12.350000000000001,4,10,0.0,0.0,97.0,97.0,112
R,MORGAN,,,,,,,NQ,NQ,,,NQ,NQ,NQ,NQ,NQ,NQ,NQ,NQ,NQ,NQ,NQ,NQ,NQ,P,NQ,P,P,P,P,P,P,P,P,P,P,P,P,0.0,12.1,6,12,0.0,0.0,97.0,97.0,113
J,AINSLIE,,,,,,,,,,,,,,,,,,,,,,NQ,P,NQ,P,NQ,P,P,P,P,P,P,P,P,P,P,P,0.0,11.8,3,11,0.0,0.0,97.0,97.0,114
N,ARGYLE,,,,,,,,,,,,,,,,,,,,,,NQ,P,NQ,P,NQ,P,P,P,P,P,P,P,P,P,P,P,0.0,11.8,3,11,0.0,0.0,97.0,97.0,115
P,HOLLAND,,,,,,,,,,,,,,,,,,,,,,,,,,,NQ,P,NQ,NQ,P,P,P,P,NQ,P,P,0.0,11.7,4,2,0.0,0.0,97.0,97.0,116
P,HALL,,,,,,,,,,,,,,,,,,,,,,,NQ,P,P,P,P,P,P,P,P,P,P,P,P,NQ,P,0.0,11.600000000000001,2,1,0.0,0.0,97.0,97.0,117
T,STUBBS,,NQ,,,,,,,,,,,,,,NQ,P,P,P,P,P,P,P,P,P,P,P,P,NQ,P,P,P,P,P,P,P,P,0.0,11.600000000000001,1,8,0.0,0.0,97.0,97.0,118
B,BANNERMAN,,,,,,,,,,,,,,,,,,NQ,P,P,P,P,P,P,P,P,P,P,P,P,NQ,P,P,P,P,P,P,0.0,11.6,1,6,0.0,0.0,97.0,97.0,119
T,BYRNE,,,,,,,,,,,,,,,,,,,NQ,P,NQ,NQ,NQ,P,P,P,P,P,P,P,P,P,P,P,P,P,P,0.0,11.6,4,14,0.0,0.0,97.0,97.0,120
Y,BLEUNVEN,,,,,,,,,,,,,,,,,,,NQ,P,NQ,NQ,NQ,P,P,P,P,P,P,P,P,P,P,P,P,P,P,0.0,11.6,4,14,0.0,0.0,97.0,97.0,121
E,OSEN,,,,,,,,,,,,,,,,NQ,P,P,P,P,P,NQ,P,NQ,P,P,P,P,P,P,P,P,P,P,P,P,P,0.0,11.55,2,13,0.0,0.0,97.0,97.0,122
J,KYNASTON,,,,,,,,,,,,,,,,,,,NQ,P,P,P,P,P,P,NQ,P,P,P,P,P,P,P,P,P,P,P,0.0,11.55,2,11,0.0,0.0,97.0,97.0,123
H,WEBSTER,,,,,,,,,,,,,,,,,,,,,,,,,,NQ,P,P,NQ,P,P,P,P,P,NQ,P,P,0.0,11.549999999999999,3,2,0.0,0.0,97.0,97.0,124
A,SHAH,,,,,,,,,,,,,,,,,,,,,NQ,P,NQ,P,NQ,P,P,P,P,P,P,P,P,P,P,P,P,0.0,11.45,3,12,0.0,0.0,97.0,97.0,125
C,JONES,,,,,,,,,,,,,,,,,,,,,,NQ,P,P,P,NQ,P,P,P,P,P,P,P,P,P,P,P,0.0,11.4,2,11,0.0,0.0,97.0,97.0,126
N,SHEPARD,,,,,,,,,,,,,,,,,,,,,NQ,P,P,P,P,NQ,P,P,P,P,P,P,P,P,P,P,P,0.0,11.350000000000001,2,11,0.0,0.0,97.0,97.0,127
S,GORE,,,,,,,,,,,,,,,,,,,,,NQ,P,P,P,P,P,P,NQ,P,P,P,P,P,P,P,P,P,0.0,11.350000000000001,2,9,0.0,0.0,97.0,97.0,128
H,ASQUITH,,,,,,,,,,,,,,,,,,,NQ,P,NQ,NQ,P,P,P,P,P,P,P,P,P,P,P,P,P,P,P,0.0,11.35,3,15,0.0,0.0,97.0,97.0,129
I,ADEBEKUN,,,,,,,,,,,,,,,,,,,,,NQ,NQ,NQ,P,P,P,P,P,P,P,P,P,P,P,P,P,P,0.0,11.3,3,14,0.0,0.0,97.0,97.0,130
V,PRASHRA,,,,,,,,,,,,,,,,,,,,,NQ,NQ,NQ,P,P,P,P,P,P,P,P,P,P,P,P,P,P,0.0,11.3,3,14,0.0,0.0,97.0,97.0,131
E,SMITH,,,,,,,,,,,,,,,,,,,,,,,,,,,NQ,NQ,NQ,NQ,P,P,P,P,P,P,P,0.0,11.25,4,7,0.0,0.0,97.0,97.0,132
M,VANWYK,,,,,,,,,,,,,,,,NQ,P,P,NQ,P,P,NQ,P,P,P,P,P,P,P,P,P,P,P,P,P,P,P,0.0,11.25,2,15,0.0,0.0,97.0,97.0,133
T,FARMER,,,,,,,,,,,,,,,,,,,,,,,,,,NQ,P,NQ,P,P,P,NQ,P,P,P,P,P,0.0,11.25,3,5,0.0,0.0,97.0,97.0,134
C,BLACKABY,,,,,,,,,,,,,,,,,,,,,NQ,P,P,P,NQ,P,P,P,P,P,P,P,P,P,P,P,P,0.0,11.2,2,12,0.0,0.0,97.0,97.0,135
P,CLARK,,,,,,,,,,,,,,,,QF,P,P,P,P,P,NQ,P,P,P,P,P,P,P,P,P,P,P,P,P,P,P,0.0,11.15,1,15,0.0,0.0,97.0,97.0,136
R,THOROGOOD,,,,,,,,,,,,,,,,,,,,NQ,P,P,NQ,P,P,P,P,P,P,P,P,P,P,P,P,P,P,0.0,11.15,2,14,0.0,0.0,97.0,97.0,137
E,CALDWELL,,,,,,,,,,,,,,,,,,,,,,,,,,,,,NQ,P,P,NQ,NQ,P,P,NQ,P,0.0,11.05,4,1,0.0,0.0,97.0,97.0,138
A,GARRETT,,,,,,,,,,,,,,,,QF,P,P,NQ,P,P,P,P,P,P,P,P,P,P,P,P,P,P,P,P,P,P,0.0,11.0,1,18,0.0,0.0,97.0,97.0,139
A,LEGEAIS,,,,,,,,,,,,,,,,,,,NQ,P,P,P,P,P,P,P,P,P,P,P,P,P,P,P,P,P,P,0.0,11.0,1,18,0.0,0.0,97.0,97.0,140
B,HULME,,,,,,,,,,,,,,,,,,,NQ,P,P,P,P,P,P,P,P,P,P,P,P,P,P,P,P,P,P,0.0,11.0,1,18,0.0,0.0,97.0,97.0,141
D,HUMES,,,,,,,,,,,,,,,,,,,NQ,P,P,P,P,P,P,P,P,P,P,P,P,P,P,P,P,P,P,0.0,11.0,1,18,0.0,0.0,97.0,97.0,142
G,MCLOUGHLIN,,,,,,,,,,,,,,,,NQ,P,P,NQ,P,P,P,P,P,P,P,P,P,P,P,P,P,P,P,P,P,P,0.0,11.0,1,18,0.0,0.0,97.0,97.0,143
J,HINWOOD,,,,,,,,,,,,,,,,,,,NQ,P,P,P,P,P,P,P,P,P,P,P,P,P,P,P,P,P,P,0.0,11.0,1,18,0.0,0.0,97.0,97.0,144
T,CASTLING,,,,,,,,,,,,,,,,NQ,P,P,NQ,P,P,P,P,P,P,P,P,P,P,P,P,P,P,P,P,P,P,0.0,11.0,1,18,0.0,0.0,97.0,97.0,145
C,STONE,,,,,,,,,,,,,,,,,,,,,,,,,,NQ,NQ,NQ,P,P,P,P,P,P,P,P,P,0.0,10.95,3,9,0.0,0.0,97.0,97.0,146
,BRUNSKILL,,,,,,,,,,,,,,,,NQ,P,P,P,P,P,P,P,P,P,P,P,P,P,P,P,P,P,P,P,P,P,0.0,10.9,0,21,0.0,0.0,97.0,97.0,147
,FOX,,,,,,,NQ,,,,,,,,,P,P,P,P,P,P,P,P,P,P,P,P,P,P,P,P,P,P,P,P,P,P,0.0,10.9,0,22,0.0,0.0,97.0,97.0,148
,HENDERSON,NQ,,,,,,,,,,,,,,,P,P,P,P,P,P,P,P,P,P,P,P,P,P,P,P,P,P,P,P,P,P,0.0,10.9,0,22,0.0,0.0,97.0,97.0,149
,HINWOOD,,,,,,,,,,,,,NQ,,,P,P,P,P,P,P,P,P,P,P,P,P,P,P,P,P,P,P,P,P,P,P,0.0,10.9,0,22,0.0,0.0,97.0,97.0,150
,JEBB,,,,,,,,,,,,,NQ,,,P,P,P,P,P,P,P,P,P,P,P,P,P,P,P,P,P,P,P,P,P,P,0.0,10.9,0,22,0.0,0.0,97.0,97.0,151
,KINWOOD,,,,,,,,,,,,,,,,NQ,P,P,P,P,P,P,P,P,P,P,P,P,P,P,P,P,P,P,P,P,P,0.0,10.9,0,21,0.0,0.0,97.0,97.0,152
,KYNASTON,,,,,,,,,,,,,,,,NQ,P,P,P,P,P,P,P,P,P,P,P,P,P,P,P,P,P,P,P,P,P,0.0,10.9,0,21,0.0,0.0,97.0,97.0,153
,LAMPRIERE-JOHNSTON,,,,,,,,,,,,,NQ,,,P,P,P,P,P,P,P,P,P,P,P,P,P,P,P,P,P,P,P,P,P,P,0.0,10.9,0,22,0.0,0.0,97.0,97.0,154
,LEGEAIS,,,,,,,,,,,,,,,,NQ,P,P,P,P,P,P,P,P,P,P,P,P,P,P,P,P,P,P,P,P,P,0.0,10.9,0,21,0.0,0.0,97.0,97.0,155
,LINDSAY,,,,,,,,,,,,,NQ,,,P,P,P,P,P,P,P,P,P,P,P,P,P,P,P,P,P,P,P,P,P,P,0.0,10.9,0,22,0.0,0.0,97.0,97.0,156
,LOW,,,,,,,,,NQ,,,,,,,P,P,P,P,P,P,P,P,P,P,P,P,P,P,P,P,P,P,P,P,P,P,0.0,10.9,0,22,0.0,0.0,97.0,97.0,157
,MATTINSON,,,,,,,,,,,,,NQ,,,P,P,P,P,P,P,P,P,P,P,P,P,P,P,P,P,P,P,P,P,P,P,0.0,10.9,0,22,0.0,0.0,97.0,97.0,158
,NG,,,,,,,,,,,,,,,,NQ,P,P,P,P,P,P,P,P,P,P,P,P,P,P,P,P,P,P,P,P,P,0.0,10.9,0,21,0.0,0.0,97.0,97.0,159
,PEEL,NQ,,,,,,,,,,,,,,,P,P,P,P,P,P,P,P,P,P,P,P,P,P,P,P,P,P,P,P,P,P,0.0,10.9,0,22,0.0,0.0,97.0,97.0,160
,PHILLIPS,NQ,,,,,,,,,,,,,,,P,P,P,P,P,P,P,P,P,P,P,P,P,P,P,P,P,P,P,P,P,P,0.0,10.9,0,22,0.0,0.0,97.0,97.0,161
,PRAKASH,,,,,,,,,NQ,,,,,,,P,P,P,P,P,P,P,P,P,P,P,P,P,P,P,P,P,P,P,P,P,P,0.0,10.9,0,22,0.0,0.0,97.0,97.0,162
,QUIRK,NQ,,,,,,,,,,,,,,,P,P,P,P,P,P,P,P,P,P,P,P,P,P,P,P,P,P,P,P,P,P,0.0,10.9,0,22,0.0,0.0,97.0,97.0,163
,SCHOFIELD,,,,,,,,,,,,,,,,NQ,P,P,P,P,P,P,P,P,P,P,P,P,P,P,P,P,P,P,P,P,P,0.0,10.9,0,21,0.0,0.0,97.0,97.0,164
,SONGTHAMMAKUL,,,,,,,,,,,,,NQ,,,NQ,P,P,P,P,P,P,P,P,P,P,P,P,P,P,P,P,P,P,P,P,P,0.0,10.9,0,21,0.0,0.0,97.0,97.0,165
,STAPLETON,,,,,,,,,,,,,NQ,,,P,P,P,P,P,P,P,P,P,P,P,P,P,P,P,P,P,P,P,P,P,P,0.0,10.9,0,22,0.0,0.0,97.0,97.0,166
,STYLES,NQ,,,,,,,,,,,,,,,P,P,P,P,P,P,P,P,P,P,P,P,P,P,P,P,P,P,P,P,P,P,0.0,10.9,0,22,0.0,0.0,97.0,97.0,167
,WARBURG,,,,NQ,,,,,,,,,,,,P,P,P,P,P,P,P,P,P,P,P,P,P,P,P,P,P,P,P,P,P,P,0.0,10.9,0,22,0.0,0.0,97.0,97.0,168
,WHITE,NQ,,,,,,NQ,,,NQ,,,,,,P,P,P,P,P,P,P,P,P,P,P,P,P,P,P,P,P,P,P,P,P,P,0.0,10.9,0,22,0.0,0.0,97.0,97.0,169
A,BENSON,,,,,,,,,,,,,,,,,L16,P,P,P,P,P,P,P,P,P,P,P,P,P,P,P,P,P,P,P,P,0.0,10.9,0,20,0.0,0.0,97.0,97.0,170
A,CRAWFORD,,NQ,,,,,,,,,,,,,,P,P,P,P,P,P,P,P,P,P,P,P,P,P,P,P,P,P,P,P,P,P,0.0,10.9,0,22,0.0,0.0,97.0,97.0,171
A,MITCHELL,,,,NQ,,,,,,,,,,,,P,P,P,P,P,P,P,P,P,P,P,P,P,P,P,P,P,P,P,P,P,P,0.0,10.9,0,22,0.0,0.0,97.0,97.0,172
A,NICE,,,,,NQ,,,,,,,,,NQ,,P,P,P,P,P,P,P,P,P,P,P,P,P,P,P,P,P,P,P,P,P,P,0.0,10.9,0,22,0.0,0.0,97.0,97.0,173
A,PATTEN,,,,NQ,,,,,,,,,,,,P,P,P,P,P,P,P,P,P,P,P,P,P,P,P,P,P,P,P,P,P,P,0.0,10.9,0,22,0.0,0.0,97.0,97.0,174
A,POOLE,,NQ,,,,,,,,,,,,,,P,P,P,P,P,P,P,P,P,P,P,P,P,P,P,P,P,P,P,P,P,P,0.0,10.9,0,22,0.0,0.0,97.0,97.0,175
A,RATTAN,,,,,,NQ,,,,,,,,,,P,P,P,P,P,P,P,P,P,P,P,P,P,P,P,P,P,P,P,P,P,P,0.0,10.9,0,22,0.0,0.0,97.0,97.0,176
A,STEWART,,,,,,,,,,,NQ,,,,,P,P,P,P,P,P,P,P,P,P,P,P,P,P,P,P,P,P,P,P,P,P,0.0,10.9,0,22,0.0,0.0,97.0,97.0,177
A,WALTERS,SF,,,,,,,,,,,,,,,P,P,P,P,P,P,P,P,P,P,P,P,P,P,P,P,P,P,P,P,P,P,0.0,10.9,0,22,0.0,0.0,97.0,97.0,178
A,WELLESLEY,,,,,,,NQ,L16,,,NQ,,,,,P,P,P,P,P,P,P,P,P,P,P,P,P,P,P,P,P,P,P,P,P,P,0.0,10.9,0,22,0.0,0.0,97.0,97.0,179
A,YUSAF,,,,,NQ,,,L16,,,,,,,,P,P,P,P,P,P,P,P,P,P,P,P,P,P,P,P,P,P,P,P,P,P,0.0,10.9,0,22,0.0,0.0,97.0,97.0,180
B,ALDERSON,,,,,,,,,,,L16,,,,,P,P,P,P,P,P,P,P,P,P,P,P,P,P,P,P,P,P,P,P,P,P,0.0,10.9,0,22,0.0,0.0,97.0,97.0,181
B,CHRISTIE,,,,NQ,,,,,,,,,,,,P,P,P,P,P,P,P,P,P,P,P,P,P,P,P,P,P,P,P,P,P,P,0.0,10.9,0,22,0.0,0.0,97.0,97.0,182
B,DOVGYY,,,,,,,,NQ,NQ,,,,,,NQ,,,,,NQ,P,P,P,P,P,P,P,P,P,P,P,P,P,P,P,P,P,0.0,10.9,1,17,0.0,0.0,97.0,97.0,183
B,HARRISON,,,,,,,,,,,NQ,,,,,P,P,P,P,P,P,P,P,P,P,P,P,P,P,P,P,P,P,P,P,P,P,0.0,10.9,0,22,0.0,0.0,97.0,97.0,184
B,JONES,,NQ,,,,,,NQ,,,,,,,,P,P,P,P,P,P,P,P,P,P,P,P,P,P,P,P,P,P,P,P,P,P,0.0,10.9,0,22,0.0,0.0,97.0,97.0,185
B,WANG,,,,,,,,,,,,,,NQ,,P,P,P,P,P,P,P,P,P,P,P,P,P,P,P,P,P,P,P,P,P,P,0.0,10.9,0,22,0.0,0.0,97.0,97.0,186
C,BALLINGALL,,,,,,,,,,,,,NQ,NQ,NQ,NQ,NQ,P,P,P,P,P,P,P,P,P,P,P,P,P,P,P,P,P,P,P,P,0.0,10.9,0,20,0.0,0.0,97.0,97.0,187
C,CHRISTIE,,,,NQ,,,,,,,,,,,,P,P,P,P,P,P,P,P,P,P,P,P,P,P,P,P,P,P,P,P,P,P,0.0,10.9,0,22,0.0,0.0,97.0,97.0,188
C,FAIRBANKS-SMITH,,,,,NQ,,,,,,,,,,,P,P,P,P,P,P,P,P,P,P,P,P,P,P,P,P,P,P,P,P,P,P,0.0,10.9,0,22,0.0,0.0,97.0,97.0,189
C,LYLE,,,,NQ,,,,,,,,,,,,P,P,P,P,P,P,P,P,P,P,P,P,P,P,P,P,P,P,P,P,P,P,0.0,10.9,0,22,0.0,0.0,97.0,97.0,190
C,LYONS,,,,,,,,,,,,,NQ,,,P,P,P,P,P,P,P,P,P,P,P,P,P,P,P,P,P,P,P,P,P,P,0.0,10.9,0,22,0.0,0.0,97.0,97.0,191
C,MELLOR,NQ,,,,,,,,,,,,,,,P,P,P,P,P,P,P,P,P,P,P,P,P,P,P,P,P,P,P,P,P,P,0.0,10.9,0,22,0.0,0.0,97.0,97.0,192
C,PLEWS,,,,,,,,,,,,,NQ,,,P,P,P,P,P,P,P,P,P,P,P,P,P,P,P,P,P,P,P,P,P,P,0.0,10.9,0,22,0.0,0.0,97.0,97.0,193
C,RENNIE,,,,NQ,NQ,NQ,,NQ,,,NQ,,,,,P,P,P,P,P,P,P,P,P,P,P,P,P,P,P,P,P,P,P,P,P,P,0.0,10.9,0,22,0.0,0.0,97.0,97.0,194
C,SELF,NQ,L16,,,,,,,,,,,,,,P,P,P,P,P,P,P,P,P,P,P,P,P,P,P,P,P,P,P,P,P,P,0.0,10.9,0,22,0.0,0.0,97.0,97.0,195
C,SHAWCROSS,,NQ,,,,,,,,,,,,,,P,P,P,P,P,P,P,P,P,P,P,P,P,P,P,P,P,P,P,P,P,P,0.0,10.9,0,22,0.0,0.0,97.0,97.0,196
C,STOCKS,,,,,,,,,,,NQ,,,,,P,P,P,P,P,P,P,P,P,P,P,P,P,P,P,P,P,P,P,P,P,P,0.0,10.9,0,22,0.0,0.0,97.0,97.0,197
C,WHEELER,,,,,,,,,NQ,,NQ,,,,,P,P,P,P,P,P,P,P,P,P,P,P,P,P,P,P,P,P,P,P,P,P,0.0,10.9,0,22,0.0,0.0,97.0,97.0,198
D,ARWAS,,NQ,,,,,,,,,,,,,,P,P,P,P,P,P,P,P,P,P,P,P,P,P,P,P,P,P,P,P,P,P,0.0,10.9,0,22,0.0,0.0,97.0,97.0,199
D,COOPER,,,,,,,,,,,,,,,,,NQ,P,P,P,P,P,P,P,P,P,P,P,P,P,P,P,P,P,P,P,P,0.0,10.9,0,20,0.0,0.0,97.0,97.0,200
D,FOSTER,QF,,QF,,QF,SF,,SF,NQ,QF,L16,,,,,P,P,P,P,P,P,P,P,P,P,P,P,P,P,P,P,P,P,P,P,P,P,0.0,10.9,0,22,0.0,0.0,97.0,97.0,201
D,LEACH,NQ,,,QF,,,,,,,,,,,,P,P,P,P,P,P,P,P,P,P,P,P,P,P,P,P,P,P,P,P,P,P,0.0,10.9,0,22,0.0,0.0,97.0,97.0,202
D,LIGHT,,,,,,,,NQ,,,,,,,,P,P,P,P,P,P,P,P,P,P,P,P,P,P,P,P,P,P,P,P,P,P,0.0,10.9,0,22,0.0,0.0,97.0,97.0,203
D,ORCHARD,,,,,,,,,,,,,SF,,,P,P,P,P,P,P,P,P,P,P,P,P,P,P,P,P,P,P,P,P,P,P,0.0,10.9,0,22,0.0,0.0,97.0,97.0,204
D,PATEL,,,NQ,,,,,,,,,,,,,P,P,P,P,P,P,P,P,P,P,P,P,P,P,P,P,P,P,P,P,P,P,0.0,10.9,0,22,0.0,0.0,97.0,97.0,205
D,STEPHENS,,NQ,,,,,,,,,,,,,,P,P,P,P,P,P,P,P,P,P,P,P,P,P,P,P,P,P,P,P,P,P,0.0,10.9,0,22,0.0,0.0,97.0,97.0,206
E,ROSE,QF,QF,,SF,L16,QF,QF,,SF,SF,QF,,,,,P,P,P,P,P,P,P,P,P,P,P,P,P,P,P,P,P,P,P,P,P,P,0.0,10.9,0,22,0.0,0.0,97.0,97.0,207
F,ADAIR,NQ,,,,,,NQ,,,,,,,,,P,P,P,P,P,P,P,P,P,P,P,P,P,P,P,P,P,P,P,P,P,P,0.0,10.9,0,22,0.0,0.0,97.0,97.0,208
F,COLQUHOUN,,,,,NQ,,,,,,,,,,,P,P,P,P,P,P,P,P,P,P,P,P,P,P,P,P,P,P,P,P,P,P,0.0,10.9,0,22,0.0,0.0,97.0,97.0,209
F,EARLAM,NQ,,,,,,,,,,,,,,,P,P,P,P,P,P,P,P,P,P,P,P,P,P,P,P,P,P,P,P,P,P,0.0,10.9,0,22,0.0,0.0,97.0,97.0,210
F,IMRIE,,NQ,,,,,,,,,,,,,,P,P,P,P,P,P,P,P,P,P,P,P,P,P,P,P,P,P,P,P,P,P,0.0,10.9,0,22,0.0,0.0,97.0,97.0,211
F,WATT,,,,,,,,,,,,,NQ,,,P,P,P,P,P,P,P,P,P,P,P,P,P,P,P,P,P,P,P,P,P,P,0.0,10.9,0,22,0.0,0.0,97.0,97.0,212
G,CHAPMAN,,,,,,,,NQ,,,,,,L16,,,L16,P,P,P,P,P,P,P,P,P,P,P,P,P,P,P,P,P,P,P,P,0.0,10.9,0,20,0.0,0.0,97.0,97.0,213
G,GARRETT,,,,,,,,,,,,,NQ,,,NQ,P,P,P,P,P,P,P,P,P,P,P,P,P,P,P,P,P,P,P,P,P,0.0,10.9,0,21,0.0,0.0,97.0,97.0,214
G,HOSKINS,,L16,,,L16,,NQ,L16,,,NQ,,,,,P,P,P,P,P,P,P,P,P,P,P,P,P,P,P,P,P,P,P,P,P,P,0.0,10.9,0,22,0.0,0.0,97.0,97.0,215
G,LEWIS,NQ,,,QF,,,NQ,,,,,,,,,P,P,P,P,P,P,P,P,P,P,P,P,P,P,P,P,P,P,P,P,P,P,0.0,10.9,0,22,0.0,0.0,97.0,97.0,216
G,LINFIELD,,,,,,,,,,,,,,NQ,,P,P,P,P,P,P,P,P,P,P,P,P,P,P,P,P,P,P,P,P,P,P,0.0,10.9,0,22,0.0,0.0,97.0,97.0,217
G,PANAYI,NQ,,,NQ,,,,,,,,,,,,P,P,P,P,P,P,P,P,P,P,P,P,P,P,P,P,P,P,P,P,P,P,0.0,10.9,0,22,0.0,0.0,97.0,97.0,218
H,BROMLEY-DAVENPORT,NQ,,,,,,,,,,,,,,,P,P,P,P,P,P,P,P,P,P,P,P,P,P,P,P,P,P,P,P,P,P,0.0,10.9,0,22,0.0,0.0,97.0,97.0,219
H,CAMPBELL,,,,,NQ,,,,,,,,,,,P,P,P,P,P,P,P,P,P,P,P,P,P,P,P,P,P,P,P,P,P,P,0.0,10.9,0,22,0.0,0.0,97.0,97.0,220
H,FLOWERS,NQ,,,NQ,,,NQ,,,,,,,,,P,P,P,P,P,P,P,P,P,P,P,P,P,P,P,P,P,P,P,P,P,P,0.0,10.9,0,22,0.0,0.0,97.0,97.0,221
H,HARDMAN,,,,,,,,,,,,,NQ,,,P,P,P,P,P,P,P,P,P,P,P,P,P,P,P,P,P,P,P,P,P,P,0.0,10.9,0,22,0.0,0.0,97.0,97.0,222
H,LEWIS,QF,L16,,NQ,QF,,,,,,,,NQ,,,,,NQ,P,P,P,P,P,P,P,P,P,P,P,P,P,P,P,P,P,P,P,0.0,10.9,0,19,0.0,0.0,97.0,97.0,223
H,RAVI,,,,,,,,,,,,,,NQ,NQ,,L16,NQ,P,P,P,P,P,P,P,P,P,P,P,P,P,P,P,P,P,P,P,0.0,10.9,0,19,0.0,0.0,97.0,97.0,224
H,THISTLETHWAYTE,,,,,,,,,,,,,NQ,,,P,P,P,P,P,P,P,P,P,P,P,P,P,P,P,P,P,P,P,P,P,P,0.0,10.9,0,22,0.0,0.0,97.0,97.0,225
H,TURNBULL,,NQ,,,NQ,,,,,,,,,,,P,P,P,P,P,P,P,P,P,P,P,P,P,P,P,P,P,P,P,P,P,P,0.0,10.9,0,22,0.0,0.0,97.0,97.0,226
H,WINTOUR,,,,,,,,,,,,,,,,NQ,P,P,P,P,P,P,P,P,P,P,P,P,P,P,P,P,P,P,P,P,P,0.0,10.9,0,21,0.0,0.0,97.0,97.0,227
I,KIDD,,,,,,,,,,,,,,,NQ,,NQ,P,P,P,P,P,P,P,P,P,P,P,P,P,P,P,P,P,P,P,P,0.0,10.9,0,20,0.0,0.0,97.0,97.0,228
I,MORGAN,,,,,NQ,,,,,,,,,,,P,P,P,P,P,P,P,P,P,P,P,P,P,P,P,P,P,P,P,P,P,P,0.0,10.9,0,22,0.0,0.0,97.0,97.0,229
I,WAGLAND,,NQ,,NQ,L16,,,,,,,,,,,P,P,P,P,P,P,P,P,P,P,P,P,P,P,P,P,P,P,P,P,P,P,0.0,10.9,0,22,0.0,0.0,97.0,97.0,230
J,ABBOTT,,QF,QF,,L16,,,,,,L16,,,,,P,P,P,P,P,P,P,P,P,P,P,P,P,P,P,P,P,P,P,P,P,P,0.0,10.9,0,22,0.0,0.0,97.0,97.0,231
J,BETTS,,,,,L16,,,,,,,,,,,P,P,P,P,P,P,P,P,P,P,P,P,P,P,P,P,P,P,P,P,P,P,0.0,10.9,0,22,0.0,0.0,97.0,97.0,232
J,CAPSTICK-DALE,,,,,,,NQ,NQ,,,,,,,,P,P,P,P,P,P,P,P,P,P,P,P,P,P,P,P,P,P,P,P,P,P,0.0,10.9,0,22,0.0,0.0,97.0,97.0,233
J,DORAN,NQ,,,,,,,,,,,,,,,P,P,P,P,P,P,P,P,P,P,P,P,P,P,P,P,P,P,P,P,P,P,0.0,10.9,0,22,0.0,0.0,97.0,97.0,234
J,FLOWERS,,L16,,,,,,,NQ,,,,,,,P,P,P,P,P,P,P,P,P,P,P,P,P,P,P,P,P,P,P,P,P,P,0.0,10.9,0,22,0.0,0.0,97.0,97.0,235
J,HOLROYD,,,,NQ,,,,,,,,,,,,P,P,P,P,P,P,P,P,P,P,P,P,P,P,P,P,P,P,P,P,P,P,0.0,10.9,0,22,0.0,0.0,97.0,97.0,236
J,HUMES,,,,,,,NQ,,,,,,,,,P,P,P,P,P,P,P,P,P,P,P,P,P,P,P,P,P,P,P,P,P,P,0.0,10.9,0,22,0.0,0.0,97.0,97.0,237
J,HUTCHESON,,,,,,,,,,,,NQ,,,,P,P,P,P,P,P,P,P,P,P,P,P,P,P,P,P,P,P,P,P,P,P,0.0,10.9,0,22,0.0,0.0,97.0,97.0,238
J,HUTTER,,NQ,,,,,,,,,,,,,,P,P,P,P,P,P,P,P,P,P,P,P,P,P,P,P,P,P,P,P,P,P,0.0,10.9,0,22,0.0,0.0,97.0,97.0,239
J,LAWRENCE,,,NQ,,,,,,,,,,NQ,,,P,P,P,P,P,P,P,P,P,P,P,P,P,P,P,P,P,P,P,P,P,P,0.0,10.9,0,22,0.0,0.0,97.0,97.0,240
J,LEFORT,,L16,NQ,,L16,,,,,,,,,,,P,P,P,P,P,P,P,P,P,P,P,P,P,P,P,P,P,P,P,P,P,P,0.0,10.9,0,22,0.0,0.0,97.0,97.0,241
J,MOORE,,,,,,,,,,,,,,NQ,,P,P,P,P,P,P,P,P,P,P,P,P,P,P,P,P,P,P,P,P,P,P,0.0,10.9,0,22,0.0,0.0,97.0,97.0,242
J,O'NEILL,,,QF,,,,,,NQ,,,,,,,P,P,P,P,P,P,P,P,P,P,P,P,P,P,P,P,P,P,P,P,P,P,0.0,10.9,0,22,0.0,0.0,97.0,97.0,243
J,PARHAM,,,,,,,,,,,NQ,,,,,P,P,P,P,P,P,P,P,P,P,P,P,P,P,P,P,P,P,P,P,P,P,0.0,10.9,0,22,0.0,0.0,97.0,97.0,244
J,PATEL,,QF,,,NQ,,,,NQ,,,NQ,,,,,QF,P,P,P,P,P,P,P,P,P,P,P,P,P,P,P,P,P,P,P,P,0.0,10.9,0,20,0.0,0.0,97.0,97.0,245
J,SAUNDERS,,NQ,,,,,,,,,,,,,,P,P,P,P,P,P,P,P,P,P,P,P,P,P,P,P,P,P,P,P,P,P,0.0,10.9,0,22,0.0,0.0,97.0,97.0,246
J,STALEY,,,,,,,,NQ,,,,,,NQ,,P,P,P,P,P,P,P,P,P,P,P,P,P,P,P,P,P,P,P,P,P,P,0.0,10.9,0,22,0.0,0.0,97.0,97.0,247
J,WELLER,,,,,,NQ,,,,,,,,,,P,P,P,P,P,P,P,P,P,P,P,P,P,P,P,P,P,P,P,P,P,P,0.0,10.9,0,22,0.0,0.0,97.0,97.0,248
J,ZAZA,,,,,,,,,,,,,NQ,,,NQ,P,P,P,P,P,P,P,P,P,P,P,P,P,P,P,P,P,P,P,P,P,0.0,10.9,0,21,0.0,0.0,97.0,97.0,249
K,NWUBA,,,,,NQ,NQ,NQ,NQ,QF,NQ,L16,,NQ,L16,,P,P,P,P,P,P,P,P,P,P,P,P,P,P,P,P,P,P,P,P,P,P,0.0,10.9,0,22,0.0,0.0,97.0,97.0,250
K,WALTON,,,,,,NQ,,,,,NQ,QF,NQ,,,P,P,P,P,P,P,P,P,P,P,P,P,P,P,P,P,P,P,P,P,P,P,0.0,10.9,0,22,0.0,0.0,97.0,97.0,251
L,MACLEAN,,,,,,,,,,,,,,,,QF,P,P,P,P,P,P,P,P,P,P,P,P,P,P,P,P,P,P,P,P,P,0.0,10.9,0,21,0.0,0.0,97.0,97.0,252
M,BASSOT,,,,,,,,,,,,,,,,,L16,P,P,P,P,P,P,P,P,P,P,P,P,P,P,P,P,P,P,P,P,0.0,10.9,0,20,0.0,0.0,97.0,97.0,253
M,BEARD,,,,,,,,,,,,,,,,,,NQ,P,P,P,P,P,P,P,P,P,P,P,P,P,P,P,P,P,P,P,0.0,10.9,0,19,0.0,0.0,97.0,97.0,254
M,BROOKES,,,,,NQ,,,,,,,,,,,P,P,P,P,P,P,P,P,P,P,P,P,P,P,P,P,P,P,P,P,P,P,0.0,10.9,0,22,0.0,0.0,97.0,97.0,255
M,CAPSTICK-DALE,,,,,,,,NQ,,,,,,,,P,P,P,P,P,P,P,P,P,P,P,P,P,P,P,P,P,P,P,P,P,P,0.0,10.9,0,22,0.0,0.0,97.0,97.0,256
M,CHANRAI,,,NQ,,,,,,,,,,,,,P,P,P,P,P,P,P,P,P,P,P,P,P,P,P,P,P,P,P,P,P,P,0.0,10.9,0,22,0.0,0.0,97.0,97.0,257
M,HOLDSWORTH,,,,,,,,NQ,,,,,,,,P,P,P,P,P,P,P,P,P,P,P,P,P,P,P,P,P,P,P,P,P,P,0.0,10.9,0,22,0.0,0.0,97.0,97.0,258
M,HULSE,NQ,,,NQ,,,NQ,,,,,,,,,P,P,P,P,P,P,P,P,P,P,P,P,P,P,P,P,P,P,P,P,P,P,0.0,10.9,0,22,0.0,0.0,97.0,97.0,259
M,LEWIN,,,,,,,,,,,,,,,,,,NQ,P,P,P,P,P,P,P,P,P,P,P,P,P,P,P,P,P,P,P,0.0,10.9,0,19,0.0,0.0,97.0,97.0,260
M,LI,,,,,,,,,,,,,,,,NQ,P,P,P,P,P,P,P,P,P,P,P,P,P,P,P,P,P,P,P,P,P,0.0,10.9,0,21,0.0,0.0,97.0,97.0,261
M,MORRIS,,,,,,,,,,,,,NQ,,,P,P,P,P,P,P,P,P,P,P,P,P,P,P,P,P,P,P,P,P,P,P,0.0,10.9,0,22,0.0,0.0,97.0,97.0,262
M,MOSTAFAVI,,,NQ,,,,,,,,,,,,,P,P,P,P,P,P,P,P,P,P,P,P,P,P,P,P,P,P,P,P,P,P,0.0,10.9,0,22,0.0,0.0,97.0,97.0,263
M,PRITCHARD,NQ,,,,,,,,,,,,,,,P,P,P,P,P,P,P,P,P,P,P,P,P,P,P,P,P,P,P,P,P,P,0.0,10.9,0,22,0.0,0.0,97.0,97.0,264
M,ROWSE,,,,,,,,,,,NQ,,,,,P,P,P,P,P,P,P,P,P,P,P,P,P,P,P,P,P,P,P,P,P,P,0.0,10.9,0,22,0.0,0.0,97.0,97.0,265
M,SCURR,,,,,,,,,,,,,,,,,NQ,P,P,P,P,P,P,P,P,P,P,P,P,P,P,P,P,P,P,P,P,0.0,10.9,0,20,0.0,0.0,97.0,97.0,266
M,SKJOTT,,NQ,,,,,,,,,,,,,,P,P,P,P,P,P,P,P,P,P,P,P,P,P,P,P,P,P,P,P,P,P,0.0,10.9,0,22,0.0,0.0,97.0,97.0,267
M,WINTLE,,,NQ,,,,,,,,,,,,,P,P,P,P,P,P,P,P,P,P,P,P,P,P,P,P,P,P,P,P,P,P,0.0,10.9,0,22,0.0,0.0,97.0,97.0,268
N,ADDY,,,,,,,,,,,,,,,QF,P,P,P,P,P,P,P,P,P,P,P,P,P,P,P,P,P,P,P,P,P,P,0.0,10.9,0,22,0.0,0.0,97.0,97.0,269
N,BUNYAN,,NQ,NQ,NQ,NQ,,QF,,,,,,NQ,,,NQ,P,P,P,P,P,P,P,P,P,P,P,P,P,P,P,P,P,P,P,P,P,0.0,10.9,0,21,0.0,0.0,97.0,97.0,270
N,COX,,NQ,,,,,,,,,,,,,,P,P,P,P,P,P,P,P,P,P,P,P,P,P,P,P,P,P,P,P,P,P,0.0,10.9,0,22,0.0,0.0,97.0,97.0,271
N,GILL,,,,,,,,,,,,,,NQ,,,NQ,P,P,P,P,P,P,P,P,P,P,P,P,P,P,P,P,P,P,P,P,0.0,10.9,0,20,0.0,0.0,97.0,97.0,272
N,PEARCE,,,,NQ,,,,,,,,,,,,P,P,P,P,P,P,P,P,P,P,P,P,P,P,P,P,P,P,P,P,P,P,0.0,10.9,0,22,0.0,0.0,97.0,97.0,273
O,LIGHT,,,,,,,,NQ,,,,,,,,P,P,P,P,P,P,P,P,P,P,P,P,P,P,P,P,P,P,P,P,P,P,0.0,10.9,0,22,0.0,0.0,97.0,97.0,274
O,ROWSE,,,,,,,,,,,NQ,,,,,P,P,P,P,P,P,P,P,P,P,P,P,P,P,P,P,P,P,P,P,P,P,0.0,10.9,0,22,0.0,0.0,97.0,97.0,275
O,SANDER,,,,,,,,,,,,NQ,,L16,NQ,P,P,P,P,P,P,P,P,P,P,P,P,P,P,P,P,P,P,P,P,P,P,0.0,10.9,0,22,0.0,0.0,97.0,97.0,276
P,BOUGHTON,,NQ,,,,,,,,,,,,,,NQ,P,P,P,P,P,P,P,P,P,P,P,P,P,P,P,P,P,P,P,P,P,0.0,10.9,0,21,0.0,0.0,97.0,97.0,277
P,COHEN,,L16,QF,,,,,,,,,,,,,P,P,P,P,P,P,P,P,P,P,P,P,P,P,P,P,P,P,P,P,P,P,0.0,10.9,0,22,0.0,0.0,97.0,97.0,278
P,SCHOLEY,,,,,,,QF,,,,,,,,,P,P,P,P,P,P,P,P,P,P,P,P,P,P,P,P,P,P,P,P,P,P,0.0,10.9,0,22,0.0,0.0,97.0,97.0,279
P,THOMPSON,,,,,,,,,,,,,,,,,NQ,P,P,P,P,P,P,P,P,P,P,P,P,P,P,P,P,P,P,P,P,0.0,10.9,0,20,0.0,0.0,97.0,97.0,280
P,WHITE,QF,L16,QF,,,,,,,,,,,,,P,P,P,P,P,P,P,P,P,P,P,P,P,P,P,P,P,P,P,P,P,P,0.0,10.9,0,22,0.0,0.0,97.0,97.0,281
P,WORTH,,NQ,,,,,,,,,,,,,,P,P,P,P,P,P,P,P,P,P,P,P,P,P,P,P,P,P,P,P,P,P,0.0,10.9,0,22,0.0,0.0,97.0,97.0,282
R,BRYAN,,L16,,,,,,,,,,,,,,P,P,P,P,P,P,P,P,P,P,P,P,P,P,P,P,P,P,P,P,P,P,0.0,10.9,0,22,0.0,0.0,97.0,97.0,283
R,MALIK,NQ,,NQ,NQ,NQ,,,,,,,,,,,P,P,P,P,P,P,P,P,P,P,P,P,P,P,P,P,P,P,P,P,P,P,0.0,10.9,0,22,0.0,0.0,97.0,97.0,284
R,ORCHARD,,,,,,,,,,,,,NQ,,,P,P,P,P,P,P,P,P,P,P,P,P,P,P,P,P,P,P,P,P,P,P,0.0,10.9,0,22,0.0,0.0,97.0,97.0,285
R,PATTISON,,NQ,,,,,,,,,,,,,,P,P,P,P,P,P,P,P,P,P,P,P,P,P,P,P,P,P,P,P,P,P,0.0,10.9,0,22,0.0,0.0,97.0,97.0,286
R,WILSON,NQ,QF,QF,,L16,,,,,,L16,NQ,,,,P,P,P,P,P,P,P,P,P,P,P,P,P,P,P,P,P,P,P,P,P,P,0.0,10.9,0,22,0.0,0.0,97.0,97.0,287
S,CASS,,,,,,,,,,,,,,NQ,,,NQ,P,P,P,P,P,P,P,P,P,P,P,P,P,P,P,P,P,P,P,P,0.0,10.9,0,20,0.0,0.0,97.0,97.0,288
S,CHAPMAN,,,,,NQ,,,L16,,,,,,,,,NQ,P,P,P,P,P,P,P,P,P,P,P,P,P,P,P,P,P,P,P,P,0.0,10.9,0,20,0.0,0.0,97.0,97.0,289
S,CHRISTOPHER,,NQ,,NQ,,,,,,,,,,,,P,P,P,P,P,P,P,P,P,P,P,P,P,P,P,P,P,P,P,P,P,P,0.0,10.9,0,22,0.0,0.0,97.0,97.0,290
S,CLARK,,NQ,,,,,,,,,,,,,,P,P,P,P,P,P,P,P,P,P,P,P,P,P,P,P,P,P,P,P,P,P,0.0,10.9,0,22,0.0,0.0,97.0,97.0,291
S,COTTY,,,,,,,NQ,,,NQ,,,,,,P,P,P,P,P,P,P,P,P,P,P,P,P,P,P,P,P,P,P,P,P,P,0.0,10.9,0,22,0.0,0.0,97.0,97.0,292
S,GANAPATHI,,,,NQ,,,,,,,,,,,,P,P,P,P,P,P,P,P,P,P,P,P,P,P,P,P,P,P,P,P,P,P,0.0,10.9,0,22,0.0,0.0,97.0,97.0,293
S,GUPTA,,,,,,,,,,,,,,,,NQ,P,P,P,P,P,P,P,P,P,P,P,P,P,P,P,P,P,P,P,P,P,0.0,10.9,0,21,0.0,0.0,97.0,97.0,294
S,KELLY,,,,,,,,NQ,,,,,,,NQ,P,P,P,P,P,P,P,P,P,P,P,P,P,P,P,P,P,P,P,P,P,P,0.0,10.9,0,22,0.0,0.0,97.0,97.0,295
S,LITTLE,,,,,L16,,,,,,,,,,,P,P,P,P,P,P,P,P,P,P,P,P,P,P,P,P,P,P,P,P,P,P,0.0,10.9,0,22,0.0,0.0,97.0,97.0,296
S,PATEL,,NQ,,,,,,,,,,,,,,P,P,P,P,P,P,P,P,P,P,P,P,P,P,P,P,P,P,P,P,P,P,0.0,10.9,0,22,0.0,0.0,97.0,97.0,297
S,UJOODIA,,,,,,,,,,,,,NQ,,,P,P,P,P,P,P,P,P,P,P,P,P,P,P,P,P,P,P,P,P,P,P,0.0,10.9,0,22,0.0,0.0,97.0,97.0,298
S,WOOLFRIES,,NQ,,,,,,,,,,,,,,P,P,P,P,P,P,P,P,P,P,P,P,P,P,P,P,P,P,P,P,P,P,0.0,10.9,0,22,0.0,0.0,97.0,97.0,299
S,YICK,,,,NQ,,,NQ,,NQ,,NQ,,,,,P,P,P,P,P,P,P,P,P,P,P,P,P,P,P,P,P,P,P,P,P,P,0.0,10.9,0,22,0.0,0.0,97.0,97.0,300
SA,BALAJI,,,,,,,,,,,,,,,,QF,P,P,P,P,P,P,P,P,P,P,P,P,P,P,P,P,P,P,P,P,P,0.0,10.9,0,21,0.0,0.0,97.0,97.0,301
SU,BALAJI,,,,,,,,,,,NQ,,NQ,,,P,P,P,P,P,P,P,P,P,P,P,P,P,P,P,P,P,P,P,P,P,P,0.0,10.9,0,22,0.0,0.0,97.0,97.0,302
T,BREESE,NQ,,,NQ,,,NQ,,,,,,,,,P,P,P,P,P,P,P,P,P,P,P,P,P,P,P,P,P,P,P,P,P,P,0.0,10.9,0,22,0.0,0.0,97.0,97.0,303
T,BROMLEY-DAVENPORT,,,,,,,,,,,,,NQ,,,NQ,P,P,P,P,P,P,P,P,P,P,P,P,P,P,P,P,P,P,P,P,P,0.0,10.9,0,21,0.0,0.0,97.0,97.0,304
T,FLETCHER,,,,,,,,NQ,NQ,,,,,,,P,P,P,P,P,P,P,P,P,P,P,P,P,P,P,P,P,P,P,P,P,P,0.0,10.9,0,22,0.0,0.0,97.0,97.0,305
T,HUSSELBEE,NQ,,,,,,,,,,,,,,,P,P,P,P,P,P,P,P,P,P,P,P,P,P,P,P,P,P,P,P,P,P,0.0,10.9,0,22,0.0,0.0,97.0,97.0,306
T,KIRKBY,,,,,,,NQ,,,,NQ,,,,,,L16,P,P,P,P,P,P,P,P,P,P,P,P,P,P,P,P,P,P,P,P,0.0,10.9,0,20,0.0,0.0,97.0,97.0,307
T,THURNHAM,,,,,,,,,,,,,,,,,NQ,P,P,P,P,P,P,P,P,P,P,P,P,P,P,P,P,P,P,P,P,0.0,10.9,0,20,0.0,0.0,97.0,97.0,308
T,WELD,,,,,,,NQ,L16,,,,,,,,P,P,P,P,P,P,P,P,P,P,P,P,P,P,P,P,P,P,P,P,P,P,0.0,10.9,0,22,0.0,0.0,97.0,97.0,309
T,WELT,,,,,NQ,,,,,,,,,,,P,P,P,P,P,P,P,P,P,P,P,P,P,P,P,P,P,P,P,P,P,P,0.0,10.9,0,22,0.0,0.0,97.0,97.0,310
TIM,FLETCHER,NQ,,,NQ,,,,,,,,,,,,P,P,P,P,P,P,P,P,P,P,P,P,P,P,P,P,P,P,P,P,P,P,0.0,10.9,0,22,0.0,0.0,97.0,97.0,311
TOM,FLETCHER,NQ,,,NQ,,NQ,,,,,,,,,,P,P,P,P,P,P,P,P,P,P,P,P,P,P,P,P,P,P,P,P,P,P,0.0,10.9,0,22,0.0,0.0,97.0,97.0,312
V,SHETTY,,,,,,,,,,,,,NQ,,,P,P,P,P,P,P,P,P,P,P,P,P,P,P,P,P,P,P,P,P,P,P,0.0,10.9,0,22,0.0,0.0,97.0,97.0,313
W,CAREW,,,,,,,,,,,,,NQ,,,P,P,P,P,P,P,P,P,P,P,P,P,P,P,P,P,P,P,P,P,P,P,0.0,10.9,0,22,0.0,0.0,97.0,97.0,314
W,GIBBONS,NQ,,,QF,,,,,,,,,,,,P,P,P,P,P,P,P,P,P,P,P,P,P,P,P,P,P,P,P,P,P,P,0.0,10.9,0,22,0.0,0.0,97.0,97.0,315
W,JONES,,L16,,,,,,,,,,,,,,P,P,P,P,P,P,P,P,P,P,P,P,P,P,P,P,P,P,P,P,P,P,0.0,10.9,0,22,0.0,0.0,97.0,97.0,316
W,REID,,,,,,,,,NQ,,,,,,,P,P,P,P,P,P,P,P,P,P,P,P,P,P,P,P,P,P,P,P,P,P,0.0,10.9,0,22,0.0,0.0,97.0,97.0,317
A,TANSEY,,,NQ,,,,,,,,,,,,,,,,,,,NQ,P,P,P,P,P,P,P,P,P,P,P,P,P,P,P,0.0,10.850000000000001,1,15,0.0,0.0,97.0,97.0,318
B,WARE,,,,,,,,,,,,,,,,,,,,,,NQ,P,P,P,P,P,P,P,P,P,P,P,P,P,P,P,0.0,10.850000000000001,1,15,0.0,0.0,97.0,97.0,319
D,SCHOFIELD,,,,,,,,,,,,,,,,,,,,,,NQ,P,P,P,P,P,P,P,P,P,P,P,P,P,P,P,0.0,10.850000000000001,1,15,0.0,0.0,97.0,97.0,320
F,MCDONALD-BROWN,,,,,,,,,,,,,,,,,,,,,,NQ,P,P,P,P,P,P,P,P,P,P,P,P,P,P,P,0.0,10.850000000000001,1,15,0.0,0.0,97.0,97.0,321
G,POOK,,,,,,,,,,,,,,,,,,,,,,NQ,P,P,P,P,P,P,P,P,P,P,P,P,P,P,P,0.0,10.850000000000001,1,15,0.0,0.0,97.0,97.0,322
I,UJOODIA,,,,,,,,,,,,,,,,,,,,,,NQ,P,P,P,P,P,P,P,P,P,P,P,P,P,P,P,0.0,10.850000000000001,1,15,0.0,0.0,97.0,97.0,323
J,FRASER-ANDREWS,,,,,,,,,,,,,,,,,,,,,,NQ,P,P,P,P,P,P,P,P,P,P,P,P,P,P,P,0.0,10.850000000000001,1,15,0.0,0.0,97.0,97.0,324
J,REYNOLDS,,,,,,,,,,,,,,,,,,,,,,NQ,P,P,P,P,P,P,P,P,P,P,P,P,P,P,P,0.0,10.850000000000001,1,15,0.0,0.0,97.0,97.0,325
M,BEVANS,,,,,,,,,,,,,,,,,,,,,,NQ,P,P,P,P,P,P,P,P,P,P,P,P,P,P,P,0.0,10.850000000000001,1,15,0.0,0.0,97.0,97.0,326
M,CHIBBER,,,,,,,,,,,,,,,,,,,,,,NQ,P,P,P,P,P,P,P,P,P,P,P,P,P,P,P,0.0,10.850000000000001,1,15,0.0,0.0,97.0,97.0,327
M,JOHNSON,,,,,,,,,,,,,,,,,,,,,,NQ,P,P,P,P,P,P,P,P,P,P,P,P,P,P,P,0.0,10.850000000000001,1,15,0.0,0.0,97.0,97.0,328
M,MAINWARING,,,,,,,,,,,,,,,,,,,,,,NQ,P,P,P,P,P,P,P,P,P,P,P,P,P,P,P,0.0,10.850000000000001,1,15,0.0,0.0,97.0,97.0,329
GUY,WILLIAMS,NQ,,,QF,L16,,,L16,,QF,L16,,QF,,,,,,,,NQ,P,P,P,P,P,P,P,P,P,P,P,P,P,P,P,P,0.0,10.8,1,16,0.0,0.0,97.0,97.0,330
M,ASQUITH,,,,,NQ,,,,,,,,,,,,,,,,NQ,P,P,P,P,P,P,P,P,P,P,P,P,P,P,P,P,0.0,10.8,1,16,0.0,0.0,97.0,97.0,331
F,BARON,,,,,,,,,,,,,,,,,,,,,,,,,,,NQ,P,NQ,NQ,P,P,P,P,P,P,P,0.0,10.7,3,7,0.0,0.0,97.0,97.0,332
S,MOTALA-EVANS,,,,,,,,,,,,,,,,,,,,,,,,,,NQ,P,P,P,P,P,NQ,P,P,P,P,P,0.0,10.7,2,5,0.0,0.0,97.0,97.0,333
P,ROPER,,,,,,,,L16,,,,,,,,,,,,,,,NQ,P,P,P,P,P,P,P,P,P,P,P,P,P,P,0.0,10.600000000000001,1,14,0.0,0.0,97.0,97.0,334
W,HOWARD,,,,,,,,,,,,,,,,,,,,,,,NQ,P,P,P,P,P,P,P,P,P,P,P,P,P,P,0.0,10.600000000000001,1,14,0.0,0.0,97.0,97.0,335
E,CLARK,,,,,,,,,,,,,,,,,,,,,,,,,,NQ,P,P,NQ,P,P,P,P,P,P,P,P,0.0,10.55,2,8,0.0,0.0,97.0,97.0,336
G,BRADSHAW,,,,,,,,,,,,,,,,,,,,,,,,,,NQ,P,P,NQ,P,P,P,P,P,P,P,P,0.0,10.55,2,8,0.0,0.0,97.0,97.0,337
G,HUGHES,,,,,,,,,,,,,,,,,,,,,,,,,,NQ,P,P,NQ,P,P,P,P,P,P,P,P,0.0,10.55,2,8,0.0,0.0,97.0,97.0,338
J,CREWS,,,,,,,,,,,,,,,,,,,,,,,,,,NQ,P,P,NQ,P,P,P,P,P,P,P,P,0.0,10.55,2,8,0.0,0.0,97.0,97.0,339
C,DAVEY,,,,,,,,,,,,,,,,,,,,,,,,NQ,P,P,P,P,P,P,P,P,P,P,P,P,P,0.0,10.5,1,13,0.0,0.0,97.0,97.0,340
L,VANHAESEBROECK,,,,,,,,,,,,,,,,,,,,,,,,,,NQ,P,NQ,P,P,P,P,P,P,P,P,P,0.0,10.399999999999999,2,9,0.0,0.0,97.0,97.0,341
G,STANHOPE,,,,,,,,,,,,,,,,,,,,,,,,,,,,NQ,P,P,NQ,P,NQ,P,P,P,P,0.0,10.3,3,4,0.0,0.0,97.0,97.0,342
M,QUINN,,,,,,,,,,,,,,,,,,,,,,,,,,,,,NQ,P,P,NQ,P,P,NQ,P,P,0.0,10.2,3,2,0.0,0.0,97.0,97.0,343
C,GRAVILLE,,,,,,,,,,,,,,,,,,,,,,,,,,,,NQ,NQ,NQ,P,P,P,P,P,P,P,0.0,10.149999999999999,3,7,0.0,0.0,97.0,97.0,344
H,DEQUETTEVILLE,,,,,,,,,,,,,,,,,,,,,,,,,NQ,P,P,P,P,P,P,P,P,P,P,P,P,0.0,10.1,1,12,0.0,0.0,97.0,97.0,345
T,LETHBRIDGE,,,,,,,,,,,,NQ,,,,,,,,,,,,,NQ,P,P,P,P,P,P,P,P,P,P,P,P,0.0,10.1,1,12,0.0,0.0,97.0,97.0,346
E,GARFIELD-OSEN,,,,,,,,,,,,,,,,,,,,,,,,,,,NQ,P,P,NQ,P,P,P,P,P,P,P,0.0,10.0,2,7,0.0,0.0,97.0,97.0,347
A,CLARK,,,,,,,,,,,,,,,,,,,,,,,,,,NQ,P,P,P,P,P,P,P,P,P,P,P,0.0,9.85,1,11,0.0,0.0,97.0,97.0,348
B,ANWAR,,,,,,,,,,,,,,,,,,,,,,,,,,NQ,P,P,P,P,P,P,P,P,P,P,P,0.0,9.85,1,11,0.0,0.0,97.0,97.0,349
E,CLUTTON,,,,,,,,,,,,,,,,,,,,,,,,,,NQ,P,P,P,P,P,P,P,P,P,P,P,0.0,9.85,1,11,0.0,0.0,97.0,97.0,350
M,BALY,,,,,,,,,,,,,,,,,,,,,,,,,,NQ,P,P,P,P,P,P,P,P,P,P,P,0.0,9.85,1,11,0.0,0.0,97.0,97.0,351
M,YATES,NQ,L16,,NQ,,,QF,,,NQ,,,,,,,,,,,,,,,,NQ,P,P,P,P,P,P,P,P,P,P,P,0.0,9.85,1,11,0.0,0.0,97.0,97.0,352
W,TATE,,,,,,,,,,,,,,,,,,,,,,,,,,NQ,P,P,P,P,P,P,P,P,P,P,P,0.0,9.85,1,11,0.0,0.0,97.0,97.0,353
A,PHILLIPS,,,,,,,,,,,,,,,,,,,,,,,,,,,,,,,NQ,NQ,NQ,P,P,NQ,P,0.0,9.649999999999999,4,1,0.0,0.0,97.0,97.0,354
R,SWALLOW,,,,,,,,,,,,,,,,,,,,,,,,,,,,NQ,P,P,NQ,P,P,P,P,P,P,0.0,9.45,2,6,0.0,0.0,97.0,97.0,355
A,WHITE,,,,,,,,,,,,,,,,,,,,,,,,,,,NQ,P,P,P,P,P,P,P,P,P,P,0.0,9.3,1,10,0.0,0.0,97.0,97.0,356
J,ARTIS,,,,,,,,,,,,,,,,,,,,,,,,,,,NQ,P,P,P,P,P,P,P,P,P,P,0.0,9.3,1,10,0.0,0.0,97.0,97.0,357
R,UNIACKE,,,,,,,,,,,,,,,,,,,,,,,,,,,NQ,P,P,P,P,P,P,P,P,P,P,0.0,9.3,1,10,0.0,0.0,97.0,97.0,358
W,WOODS,,,,,,,,,,,,,,,,,,,,,,,,,,,,,NQ,P,P,NQ,P,P,P,P,P,0.0,9.2,2,5,0.0,0.0,97.0,97.0,359
V,KASSARDJIAN,,,,,,,,,,,,,,,,,,,,,,,,,,,,,,,NQ,P,P,NQ,NQ,P,P,0.0,8.8,3,2,0.0,0.0,97.0,97.0,360
M,GORE,,,,,,,,,,,,,,,,,,,,,,,,,,,,NQ,P,P,P,P,P,P,P,P,P,0.0,8.75,1,9,0.0,0.0,97.0,97.0,361
N,HIGGINS,,,,,,,,,,,,,,,,,,,,,,,,,,,,NQ,P,P,P,P,P,P,P,P,P,0.0,8.75,1,9,0.0,0.0,97.0,97.0,362
T,LEACH,,,,,,,,,,,,,,,,,,,,,,,,,,,,,,NQ,P,P,P,P,P,NQ,P,0.0,8.649999999999999,2,1,0.0,0.0,97.0,97.0,363
A,ANOOP,,,,,,,,,,,,,,,,,,,,,,,,,,,,,NQ,P,P,P,P,P,P,P,P,0.0,8.35,1,8,0.0,0.0,97.0,97.0,364
A,LEWIS,,,,,,,,,,,,,,,,,,,,,,,,,,,,,NQ,P,P,P,P,P,P,P,P,0.0,8.35,1,8,0.0,0.0,97.0,97.0,365
C,MCMICHAEL,,,,,,,,,,,,,,,,,,,,,,,,,,,,,NQ,P,P,P,P,P,P,P,P,0.0,8.35,1,8,0.0,0.0,97.0,97.0,366
J,HOME,,,,,,,,,,,,,,,,,,,,,,,,,,,,,NQ,P,P,P,P,P,P,P,P,0.0,8.35,1,8,0.0,0.0,97.0,97.0,367
M,TSIOUPINI,,,,,,,,,,,,,,,,,,,,,,,,,,,,,NQ,P,P,P,P,P,P,P,P,0.0,8.35,1,8,0.0,0.0,97.0,97.0,368
S,SHETTY,,,,,,,,,,,,,,,,,,,,,,,,,,,,,NQ,P,P,P,P,P,P,P,P,0.0,8.35,1,8,0.0,0.0,97.0,97.0,369
T,WHITEHEAD,,,,,,,,,,,,,,,,,,,,,,,,,,,,,NQ,P,P,P,P,P,P,P,P,0.0,8.35,1,8,0.0,0.0,97.0,97.0,370
M,DAVIS,,,,,,,,,,,,,,,,,,,,,,,,,,,,,,,NQ,P,P,P,P,NQ,P,0.0,7.949999999999999,2,1,0.0,0.0,97.0,97.0,371
A,ANDERSON,,,,,,,,,,,,,,,,,,,,,,,,,,,,,,,NQ,P,NQ,P,P,P,P,0.0,7.8,2,4,0.0,0.0,97.0,97.0,372
E,GOSNELL,,,,,,,,,,,,,,,,,,,,,,,,,,,,,,,NQ,NQ,P,P,P,P,P,0.0,7.8,2,5,0.0,0.0,97.0,97.0,373
H,GARDNER,,,,,,,,,,,,,,,,,,,,,,,,,,,,,,,NQ,NQ,P,P,P,P,P,0.0,7.8,2,5,0.0,0.0,97.0,97.0,374
A,CONSTANTINE,,,,,,NQ,,,,,,,,,,,,,,,,,,,,,,,,NQ,P,P,P,P,P,P,P,0.0,7.65,1,7,0.0,0.0,97.0,97.0,375
B,BRIGGS,,,,,,,,,,,,,,,,,,,,,,,,,,,,,,NQ,P,P,P,P,P,P,P,0.0,7.65,1,7,0.0,0.0,97.0,97.0,376
C,MICHAELS,,,,,,,,,,,,,,,,,,,,,,,,,,,,,,NQ,P,P,P,P,P,P,P,0.0,7.65,1,7,0.0,0.0,97.0,97.0,377
J,GREENHOUSE,,,,,,,,,,,,,,,,,,,,,,,,,,,,,,NQ,P,P,P,P,P,P,P,0.0,7.65,1,7,0.0,0.0,97.0,97.0,378
SAAJAN,SHAH,,,,,,,,,,,,,,,,,,,,,,,,,,,,,,NQ,P,P,P,P,P,P,P,0.0,7.65,1,7,0.0,0.0,97.0,97.0,379
W,BETTS,,NQ,,,L16,,,L16,,,NQ,NQ,,,,,,,,,,,,,,,,,,NQ,P,P,P,P,P,P,P,0.0,7.65,1,7,0.0,0.0,97.0,97.0,380
A,SAPOZHENKO,,,,,,,,,,,,,,,,,,,,,,,,,,,,,,,,NQ,P,P,NQ,P,P,0.0,7.3999999999999995,2,2,0.0,0.0,97.0,97.0,381
G,BATTERSBY,,,,,,,,,,,,,,,,,,,,,,,,,,,,,,,,NQ,P,P,NQ,P,P,0.0,7.3999999999999995,2,2,0.0,0.0,97.0,97.0,382
L,HURSTHOUSE,,,,,,,,,,,,,,,,,,,,,,,,,,,,,,,,NQ,P,P,NQ,P,P,0.0,7.3999999999999995,2,2,0.0,0.0,97.0,97.0,383
M,DRAPER,,,,,,,,,,,,,,,,,,,,,,,,,,,,,,,,NQ,P,P,NQ,P,P,0.0,7.3999999999999995,2,2,0.0,0.0,97.0,97.0,384
F,LEBON,,,,,,,,,,,,,,,,,,,,,,,,,,,,,,,NQ,P,P,P,P,P,P,0.0,6.949999999999999,1,6,0.0,0.0,97.0,97.0,385
I,HUTCHINSON,,,,,,,,,,,SF,,,QF,,,,,,,,,,,,,,,,,NQ,P,P,P,P,P,P,0.0,6.949999999999999,1,6,0.0,0.0,97.0,97.0,386
V,BALLINGAL,,,,,,,,,,,,,,,,,,,,,,,,,,,,,,,NQ,P,P,P,P,P,P,0.0,6.949999999999999,1,6,0.0,0.0,97.0,97.0,387
H,ETHERINGTON,,,,,,,,,,,,,,,,,,,,,,,,,,,,,,,,,,NQ,NQ,NQ,P,0.0,6.7,3,1,0.0,0.0,97.0,97.0,388
L,DRUMMOND,,,,,,,,,,,,,,,,,,,,,,,,,,,,,,,,,NQ,P,P,NQ,P,0.0,6.55,2,1,0.0,0.0,97.0,97.0,389
A,AKANDA,,,,,,,,,,,,,,,,,,,,,,,,,,,,,,,,NQ,P,P,P,P,P,0.0,6.4,1,5,0.0,0.0,97.0,97.0,390
D,MCLOUGHLIN,,,,,,,,,,,,,,,,,,,,,,,,,,,,,,,,NQ,P,P,P,P,P,0.0,6.4,1,5,0.0,0.0,97.0,97.0,391
G,HOLLIDAY,,,,,,,,,,,,,,,,,,,,,,,,,,,,,,,,NQ,P,P,P,P,P,0.0,6.4,1,5,0.0,0.0,97.0,97.0,392
O,PARTON,,,,,,,,,,,,,,,,,,,,,,,,,,,,,,,,NQ,P,P,P,P,P,0.0,6.4,1,5,0.0,0.0,97.0,97.0,393
D,FRANCIS,,,,,,,,,,,,,,,,,,,,,,,,,,,,,,,,,NQ,P,P,P,P,0.0,5.55,1,4,0.0,0.0,97.0,97.0,394
F,MANDERSON-HARKIN,,,,,,,,,,,,,,,,,,,,,,,,,,,,,,,,,NQ,P,P,P,P,0.0,5.55,1,4,0.0,0.0,97.0,97.0,395
H,BARMA,,,,,,,,,,,,,,,,,,,,,,,,,,,,,,,,,NQ,P,P,P,P,0.0,5.55,1,4,0.0,0.0,97.0,97.0,396
O,MEREDITH,,,,,,,,,,,,,,,,,,,,,,,,,,,,,,,,,NQ,P,P,P,P,0.0,5.55,1,4,0.0,0.0,97.0,97.0,397
K,BHAVSAR,,,,,,,,,,,,,,,,,,,,,,,,,,,,,,,,,,,NQ,NQ,P,0.0,5.0,2,1,0.0,0.0,97.0,97.0,398
L,WHITNALL,,,,,,,,,,,,,,,,,,,,,,,,,,,,,,,,,,,NQ,NQ,P,0.0,5.0,2,1,0.0,0.0,97.0,97.0,399
O,RUSHTON,,,,,,,,,,,,,,,,,,,,,,,,,,,,,,,,,,,NQ,NQ,P,0.0,5.0,2,1,0.0,0.0,97.0,97.0,400
A,SHETTY,,,,,,,,,,,,,,,,,,,,,,,,,,,,,,,,,,,NQ,P,P,0.0,4.0,1,2,0.0,0.0,97.0,97.0,401
B,ADENUGBA,,,,,,,,,,,,,,,,,,,,,,,,,,,,,,,,,,,NQ,P,P,0.0,4.0,1,2,0.0,0.0,97.0,97.0,402
C,DINMORE,,,,,,,,,,,,,,,,,,,,,,,,,,,,,,,,,,,NQ,P,P,0.0,4.0,1,2,0.0,0.0,97.0,97.0,403
F,OGILBY,,,,,,,,,,,,,,,,,,,,,,,,,,,,,,,,,,,NQ,P,P,0.0,4.0,1,2,0.0,0.0,97.0,97.0,404
I,SIMMONS,,,,,,,,,,,,,,,,,,,,,,,,,,,,,,,,,,,NQ,P,P,0.0,4.0,1,2,0.0,0.0,97.0,97.0,405
L,MALANAPHY,,,,,,,,,,,,,,,,,,,,,,,,,,,,,,,,,,,NQ,P,P,0.0,4.0,1,2,0.0,0.0,97.0,97.0,406
M,PUGH,,,,,,NQ,,NQ,,NQ,,,NQ,L16,,,,,,,,,,,,,,,,,,,,,NQ,P,P,0.0,4.0,1,2,0.0,0.0,97.0,97.0,407
M,TOMBLIN,,,,,,,,,,,,,,,,,,,,,,,,,,,,,,,,,,,NQ,P,P,0.0,4.0,1,2,0.0,0.0,97.0,97.0,408
P,GRIFFITHS,,,,,,,,,,,,,,,,,,,,,,,,,,,,,,,,,,,NQ,P,P,0.0,4.0,1,2,0.0,0.0,97.0,97.0,409
C,TYE,,,,,,,,,,,,,,,,,,,,,,,,,,,,,,,,,,,,NQ,P,0.0,3.0,1,1,0.0,0.0,97.0,97.0,410
J,LEVINSON,,,,,,,,,,,,,,,,,,,,,,,,,,,,,,,,,,,,NQ,P,0.0,3.0,1,1,0.0,0.0,97.0,97.0,411
J,POULARD,,,,,,,,,,,,,,,,,,,,,,,,,,,,,,,,,,,,NQ,P,0.0,3.0,1,1,0.0,0.0,97.0,97.0,412
J,ROBB,,,,,,,,,,,,,,,,,,,,,,,,,,,,,,,,,,,,NQ,P,0.0,3.0,1,1,0.0,0.0,97.0,97.0,413
J,TYE,,,,,,,,,,,,,,,,,,,,,,,,,,,,,,,,,,,,NQ,P,0.0,3.0,1,1,0.0,0.0,97.0,97.0,414
JACK,HOPKINS,,,,,,,,,,,,,,,,,,,,,,,,,,,,,,,,,,,,NQ,P,0.0,3.0,1,1,0.0,0.0,97.0,97.0,415
T,SEELY,,,,,,,,,,,,,,,,,,,,,,,,,,,,,,,,,,,,NQ,P,0.0,3.0,1,1,0.0,0.0,97.0,97.0,416
